return_id,customer_lat,customer_lon,product_category,product_weight,return_reason,warehouse_id
R0000,18.861663446573512,73.36885493631996,Beauty,3.36,Wrong Item,WH1
R0001,35.57071488588757,83.71512747397239,Home,0.72,Other,WH5
R0002,29.227824312530746,93.31542924041584,Beauty,3.26,Other,WH2
R0003,25.361096041714063,89.23452170587727,Apparel,2.59,Other,WH4
R0004,12.52454057283066,91.39027328798204,Apparel,2.15,Changed Mind,WH2
R0005,12.523841089749876,87.10471763461081,Electronics,4.77,Other,WH3
R0006,9.684424752877785,88.07602037101772,Books,2.71,Other,WH2
R0007,33.11910822747312,92.62667389539426,Beauty,1.25,Other,WH3
R0008,25.432335340553056,75.24037225691639,Electronics,2.4,Defective,WH2
R0009,28.53410475608532,82.19332394565107,Books,4.61,Changed Mind,WH3
R0010,8.59695033457827,74.41507381276847,Beauty,1.05,Wrong Item,WH4
R0011,36.12738571269784,96.64237223190275,Home,1.23,Defective,WH5
R0012,32.140836583212234,95.37772085091179,Beauty,0.26,Size Issue,WH3
R0013,14.157834209670009,69.14337752968667,Apparel,0.27,Changed Mind,WH3
R0014,13.272924049005919,88.46168000295496,Apparel,4.18,Changed Mind,WH4
R0015,13.31873078574958,94.8322012050543,Home,3.71,Size Issue,WH3
R0016,16.823025045826594,73.23668500869267,Electronics,1.9,Size Issue,WH1
R0017,23.2179365173349,84.47041168602625,Books,3.55,Size Issue,WH4
R0018,20.526405540621358,94.54916063005321,Beauty,2.1,Wrong Item,WH1
R0019,16.445645065743214,68.98443337898817,Apparel,4.77,Other,WH4
R0020,25.743733946949003,88.22518775015836,Electronics,4.84,Changed Mind,WH3
R0021,12.045321958909213,76.62312121380397,Home,2.09,Other,WH1
R0022,16.472194807521326,94.80748966591938,Apparel,4.3,Other,WH3
R0023,18.62449345551706,96.16068910979567,Home,3.91,Size Issue,WH4
R0024,21.226029542294043,95.38372818428958,Beauty,1.69,Wrong Item,WH3
R0025,30.770102880397395,81.75221228306646,Books,1.31,Defective,WH1
R0026,13.790539682592431,92.99923687869008,Apparel,2.4,Wrong Item,WH1
R0027,22.912798713994736,92.49193255751705,Apparel,3.95,Other,WH3
R0028,25.180022496999232,77.25391372405441,Beauty,4.81,Wrong Item,WH2
R0029,9.347061968879935,92.03854875036964,Electronics,3.87,Size Issue,WH4
R0030,25.618800705141712,69.07322140674928,Books,4.3,Defective,WH4
R0031,12.945199586931455,85.29182647597953,Apparel,3.09,Size Issue,WH3
R0032,9.886496196573106,74.67025628134338,Books,4.21,Defective,WH2
R0033,35.51768058034666,71.49643968754108,Apparel,3.97,Other,WH1
R0034,36.00332895916222,70.23164284724706,Books,2.01,Defective,WH5
R0035,31.443523095377373,88.19237450046606,Home,2.85,Defective,WH5
R0036,16.83379930602775,77.85637394927392,Apparel,4.06,Defective,WH3
R0037,10.832491306185133,89.01823637433408,Books,0.42,Wrong Item,WH2
R0038,27.84275776885255,69.89533388316933,Electronics,4.08,Wrong Item,WH2
R0039,20.76442231844844,77.1434197970877,Home,1.05,Other,WH4
R0040,11.539108810498586,83.64524747888478,Home,2.67,Defective,WH1
R0041,22.360130393226836,90.93097178032994,Electronics,4.08,Changed Mind,WH2
R0042,8.997267112341333,77.24382258503003,Books,1.42,Other,WH5
R0043,34.37029166028468,86.15084991667327,Beauty,1.38,Defective,WH1
R0044,15.504619466400491,93.69335469884942,Electronics,2.13,Defective,WH1
R0045,27.213146246265477,85.86003245728683,Books,4.49,Wrong Item,WH3
R0046,17.03962120659292,74.75582476785537,Electronics,0.2,Other,WH2
R0047,23.081972614156513,68.7076226651396,Electronics,4.53,Defective,WH3
R0048,23.85459810095511,93.23286734312697,Apparel,0.94,Defective,WH2
R0049,13.360779210240285,68.61681291466122,Books,4.95,Other,WH4
R0050,36.1179542051722,93.36634850784178,Beauty,4.78,Changed Mind,WH3
R0051,30.478851877472323,83.33917688678915,Apparel,2.57,Other,WH3
R0052,35.24546930536148,95.23296325687399,Electronics,2.66,Other,WH5
R0053,33.94999316240182,91.1647138374363,Electronics,2.51,Changed Mind,WH3
R0054,25.339099385521468,96.94008920546679,Electronics,3.25,Other,WH2
R0055,34.73435281567039,78.1706426480996,Books,0.64,Defective,WH5
R0056,10.566282559505666,90.24846037900268,Books,0.36,Other,WH3
R0057,13.68350301015521,79.65599649466802,Apparel,0.48,Changed Mind,WH3
R0058,9.311591378405604,81.91639298881336,Beauty,2.33,Size Issue,WH4
R0059,17.434579592134668,86.19765843333273,Apparel,1.52,Other,WH3
R0060,19.27164140099498,93.33663631140382,Home,3.19,Wrong Item,WH1
R0061,15.869121921442982,96.53842060677957,Electronics,4.96,Defective,WH5
R0062,32.03338776540595,90.27992900207103,Electronics,2.05,Defective,WH1
R0063,18.34584647411409,80.11523668285268,Electronics,2.95,Wrong Item,WH5
R0064,16.147100780934043,80.21935306603504,Apparel,2.19,Wrong Item,WH4
R0065,23.738186411589204,89.38988674607785,Apparel,4.27,Other,WH3
R0066,12.086802524268116,74.92453722728077,Electronics,4.53,Wrong Item,WH3
R0067,31.26371244186715,71.20374928081044,Apparel,4.41,Size Issue,WH3
R0068,10.161968666713353,78.28404257158252,Books,4.88,Changed Mind,WH5
R0069,36.619721161415,76.32993075796837,Books,0.33,Wrong Item,WH3
R0070,30.395098309603064,76.5929354932237,Apparel,4.23,Wrong Item,WH1
R0071,13.762754764491,74.77462478044738,Electronics,3.81,Size Issue,WH3
R0072,8.16014139658447,69.22070249945449,Apparel,1.3,Defective,WH4
R0073,31.64838142519019,68.518344107269,Apparel,4.79,Defective,WH1
R0074,28.498862971580895,96.64394930234491,Apparel,0.91,Other,WH3
R0075,29.14120787318863,80.40542087834001,Home,3.46,Size Issue,WH3
R0076,30.366840053892428,79.14547276763076,Books,1.28,Changed Mind,WH2
R0077,10.147294900288621,87.70977119809902,Beauty,2.27,Changed Mind,WH5
R0078,18.395506127783904,74.32936274808687,Beauty,3.65,Size Issue,WH1
R0079,11.360202726228762,95.54887433455653,Home,2.9,Changed Mind,WH2
R0080,33.02999935039222,90.804005418051,Apparel,2.25,Defective,WH4
R0081,26.07564567799918,70.59291906705553,Home,1.77,Changed Mind,WH5
R0082,17.596042720726828,80.10984249776293,Home,4.23,Changed Mind,WH1
R0083,9.843192158294686,93.49443091930277,Electronics,0.89,Size Issue,WH3
R0084,17.018487329754205,95.3972286464509,Books,2.26,Size Issue,WH1
R0085,17.430316338775665,81.55464382624622,Beauty,4.54,Changed Mind,WH3
R0086,29.158579171803858,85.78893028711053,Apparel,4.26,Wrong Item,WH5
R0087,26.48916666930118,72.84398443667018,Beauty,2.12,Size Issue,WH3
R0088,33.72916953471347,96.74389015797232,Beauty,3.86,Other,WH4
R0089,21.69423282969653,74.71847934011986,Books,4.15,Other,WH3
R0090,11.468233132210749,95.33922144991864,Beauty,4.47,Defective,WH4
R0091,28.684098829466855,86.83975282077868,Beauty,2.81,Changed Mind,WH5
R0092,30.062766409890024,85.62436705148691,Home,1.18,Wrong Item,WH5
R0093,24.27703872951539,82.86796681947875,Books,1.43,Defective,WH1
R0094,30.358048218682267,74.68942453981501,Electronics,1.62,Changed Mind,WH4
R0095,22.320072294567332,73.11931292815974,Apparel,3.05,Size Issue,WH4
R0096,23.159252052077825,74.39410006303508,Beauty,0.36,Other,WH2
R0097,20.39868953239794,73.40670960218338,Apparel,3.25,Wrong Item,WH2
R0098,8.737154675578761,90.60794973343585,Electronics,1.95,Other,WH2
R0099,11.128851382805829,78.15363251583517,Apparel,1.62,Size Issue,WH3
R0100,8.911446384915294,69.6774376203385,Electronics,4.42,Changed Mind,WH2
R0101,26.45590192664963,96.10397627408352,Home,2.41,Size Issue,WH4
R0102,17.116323451213475,93.62979066393935,Beauty,0.66,Size Issue,WH3
R0103,22.74855004377638,94.90481621266117,Electronics,4.17,Other,WH5
R0104,34.31942774385669,96.85232685674663,Apparel,0.43,Wrong Item,WH1
R0105,15.229474645317374,73.04296222736514,Beauty,3.69,Size Issue,WH2
R0106,19.901104768033264,79.49101854817711,Home,3.91,Other,WH5
R0107,29.91098301774841,89.98891579541865,Beauty,1.89,Wrong Item,WH4
R0108,14.63514679925705,88.18459792355998,Electronics,4.16,Changed Mind,WH1
R0109,10.232417385034996,72.4629812838558,Home,2.68,Changed Mind,WH5
R0110,16.402792134499272,91.65916062472792,Apparel,2.42,Defective,WH1
R0111,12.675417330366129,74.50877658326316,Home,0.42,Other,WH2
R0112,34.96123191793462,74.49071082985607,Home,1.59,Wrong Item,WH4
R0113,31.435491007368093,83.57225826390899,Books,4.67,Size Issue,WH1
R0114,26.368708938802282,85.19525811040938,Home,2.08,Changed Mind,WH5
R0115,33.27235711544381,84.82250002729653,Home,2.82,Wrong Item,WH2
R0116,31.30649023007432,70.6531182845349,Beauty,2.75,Other,WH2
R0117,13.41053170769504,93.44636501628104,Apparel,3.03,Defective,WH5
R0118,33.88421095620936,75.70240123507247,Beauty,0.49,Changed Mind,WH5
R0119,23.64092501555387,71.75593271720132,Beauty,1.94,Wrong Item,WH1
R0120,31.415764499757813,93.77369431620033,Electronics,3.67,Wrong Item,WH3
R0121,33.98664769778131,95.71389344866284,Beauty,1.16,Wrong Item,WH2
R0122,17.222100774184053,93.00170090069807,Books,1.18,Other,WH1
R0123,11.191505811302626,91.47596616702147,Books,0.25,Other,WH5
R0124,14.610119713716308,87.00201743853162,Electronics,2.3,Other,WH1
R0125,20.386125870161433,83.97486374766504,Apparel,4.44,Size Issue,WH5
R0126,31.7224282117523,70.5226160374309,Apparel,0.45,Wrong Item,WH4
R0127,32.96118691443396,79.84514317905027,Beauty,1.12,Changed Mind,WH5
R0128,8.20161178540453,78.8079669933571,Beauty,1.69,Other,WH5
R0129,22.811671774749406,75.53285972904946,Beauty,3.71,Other,WH5
R0130,20.104919091314592,88.97918329696896,Apparel,3.28,Wrong Item,WH3
R0131,14.441126503651176,82.38039631728435,Home,2.2,Other,WH5
R0132,11.4760956526768,70.35034026132179,Books,3.84,Size Issue,WH2
R0133,17.79083997070521,74.38531285654453,Home,3.13,Size Issue,WH2
R0134,35.344381413463054,87.81450414612829,Home,4.5,Other,WH1
R0135,17.3728850286019,70.2077949252187,Apparel,4.13,Wrong Item,WH3
R0136,23.044928030557617,92.68500050741429,Home,1.41,Wrong Item,WH1
R0137,28.38754980796016,82.35924928340526,Electronics,1.5,Wrong Item,WH2
R0138,18.545258468999528,81.9370107424728,Beauty,0.8,Defective,WH2
R0139,36.18168039890786,85.17982575512602,Electronics,1.82,Other,WH4
R0140,35.910971553321225,91.91574801182932,Books,5.0,Wrong Item,WH5
R0141,15.301686578935561,78.0864670291636,Beauty,2.15,Size Issue,WH2
R0142,22.42020667087918,87.66246842421285,Home,1.26,Changed Mind,WH1
R0143,16.725470984686318,84.40622695587794,Books,3.86,Changed Mind,WH1
R0144,16.260374336946562,75.74381983491321,Beauty,2.8,Wrong Item,WH5
R0145,9.06972147328145,93.48026960429958,Home,0.92,Changed Mind,WH5
R0146,25.67736568541701,91.12535462660091,Electronics,2.03,Changed Mind,WH4
R0147,22.577691673636984,87.09510320509435,Beauty,2.19,Defective,WH3
R0148,9.492883786249692,92.66687014373301,Home,3.82,Size Issue,WH1
R0149,16.08074746286173,93.15153182783428,Electronics,0.3,Size Issue,WH5
R0150,34.339710693032956,88.542526324736,Books,1.49,Defective,WH1
R0151,14.947294829342201,92.27338652254649,Books,2.68,Defective,WH5
R0152,12.20195129064547,88.22667238840923,Books,1.49,Changed Mind,WH2
R0153,22.194130048049328,87.72408238104872,Books,3.22,Other,WH1
R0154,36.58386316920742,85.93972996824034,Apparel,2.51,Changed Mind,WH2
R0155,15.019602873833513,89.8287825471716,Beauty,1.94,Defective,WH1
R0156,27.49193087477048,72.59954805349913,Beauty,4.76,Size Issue,WH3
R0157,30.08696884453281,93.54525201676893,Apparel,3.23,Changed Mind,WH4
R0158,14.89148877577959,93.28346230461173,Home,0.82,Other,WH2
R0159,29.11827410974393,68.84817120800221,Home,2.89,Changed Mind,WH5
R0160,18.665710848858346,91.94868576637812,Books,3.95,Wrong Item,WH3
R0161,26.336869087213806,71.73722615672992,Electronics,3.6,Changed Mind,WH1
R0162,26.372361612065948,77.71844677351511,Home,1.03,Defective,WH2
R0163,23.537465838167996,89.56173943245662,Electronics,4.87,Size Issue,WH1
R0164,10.618403331577841,72.66203698540093,Beauty,2.35,Size Issue,WH1
R0165,32.2237723720879,91.7210436994528,Electronics,0.96,Defective,WH1
R0166,17.30262188418034,92.13189116077452,Beauty,1.06,Wrong Item,WH4
R0167,13.409036801595771,82.71656427906424,Apparel,0.67,Defective,WH4
R0168,9.182479105088154,68.18519027978817,Apparel,4.06,Changed Mind,WH5
R0169,25.135895352459013,76.32410586207247,Books,0.79,Defective,WH2
R0170,27.64936649342619,85.89088063289653,Home,0.8,Defective,WH3
R0171,8.481047038907828,96.45439916279528,Books,4.28,Wrong Item,WH3
R0172,22.85069869067915,86.32259228348339,Beauty,1.85,Changed Mind,WH3
R0173,14.5683774807402,75.53430385086064,Books,0.35,Other,WH1
R0174,26.710010921874044,86.38616538988873,Electronics,0.45,Other,WH4
R0175,13.05662644114475,83.65957601175981,Beauty,0.88,Size Issue,WH2
R0176,28.037194404971512,90.61551645938317,Apparel,1.22,Defective,WH1
R0177,19.215325042715584,71.1024385259818,Home,3.39,Size Issue,WH4
R0178,35.1651696733653,90.06980917255882,Beauty,0.96,Wrong Item,WH4
R0179,11.988107380233805,83.6967307816072,Beauty,0.77,Other,WH2
R0180,17.890924180457496,95.92676811191085,Electronics,3.87,Defective,WH2
R0181,11.290732115977082,77.9142928151219,Home,3.42,Wrong Item,WH2
R0182,34.81611493007832,86.34603490088449,Apparel,2.29,Wrong Item,WH1
R0183,33.44284124804845,95.0288150597905,Beauty,2.84,Defective,WH5
R0184,15.480307203739512,70.9727821117297,Beauty,1.7,Wrong Item,WH2
R0185,27.139537334991193,95.17962612985708,Electronics,2.52,Defective,WH5
R0186,31.69944380583526,87.94868594672359,Books,2.63,Defective,WH1
R0187,24.100823536384407,69.96727471404998,Apparel,2.06,Changed Mind,WH5
R0188,23.35986677232419,76.72794344145767,Home,4.55,Size Issue,WH3
R0189,15.0137164361131,88.53699057071316,Beauty,0.28,Wrong Item,WH5
R0190,10.699980266371078,69.95316744259438,Beauty,3.95,Wrong Item,WH2
R0191,34.019256980646475,84.88294334511193,Apparel,0.8,Changed Mind,WH1
R0192,34.11212365773658,78.03060865163575,Books,4.03,Changed Mind,WH2
R0193,26.35994226092477,86.00655001525683,Beauty,3.16,Changed Mind,WH3
R0194,17.83186394041232,69.32651898056287,Apparel,4.25,Other,WH2
R0195,18.127077663767167,93.27456737841891,Electronics,0.67,Other,WH2
R0196,29.052714687236943,96.2311801061445,Books,2.88,Other,WH2
R0197,34.01619753862474,96.09745780328505,Home,2.61,Defective,WH4
R0198,33.725506303688405,89.73990312054482,Beauty,3.59,Wrong Item,WH3
R0199,30.616390829871094,71.77250096378833,Apparel,2.76,Size Issue,WH2
R0200,26.618917738474345,89.98963268194166,Electronics,2.8,Defective,WH2
R0201,10.440058984856416,68.71302057730524,Home,2.26,Wrong Item,WH2
R0202,12.6872327087438,68.64158299434092,Apparel,1.68,Wrong Item,WH1
R0203,34.0580714672853,77.3846963553367,Apparel,2.51,Changed Mind,WH4
R0204,25.58644273012811,82.1706525217353,Home,0.77,Changed Mind,WH1
R0205,8.26671449688226,90.341815116426,Electronics,4.82,Defective,WH4
R0206,10.942674743114932,87.81556592158864,Electronics,3.63,Changed Mind,WH2
R0207,27.24155130413362,80.93117848492571,Books,4.77,Wrong Item,WH3
R0208,8.146785931540341,75.93517332216831,Beauty,1.29,Changed Mind,WH5
R0209,12.663433491107462,96.91661050457363,Home,4.42,Other,WH5
R0210,23.913279891631,80.35925776484322,Home,4.08,Changed Mind,WH2
R0211,28.064960733088103,81.09022370556059,Home,3.45,Wrong Item,WH1
R0212,26.906876525575417,72.74509081455841,Electronics,3.2,Defective,WH3
R0213,14.503809974356233,91.04947691374795,Beauty,1.72,Size Issue,WH4
R0214,28.65319741907854,88.11678454766317,Books,4.12,Changed Mind,WH2
R0215,14.880223537407202,74.40231877087405,Apparel,2.61,Wrong Item,WH3
R0216,17.436591246618764,70.38905032285943,Apparel,0.54,Size Issue,WH3
R0217,29.6482507484227,87.73447976016668,Home,1.7,Size Issue,WH4
R0218,26.839354072369225,86.98082521415293,Beauty,4.69,Other,WH3
R0219,32.627478904331156,75.92452628294807,Electronics,4.28,Size Issue,WH1
R0220,27.070773876709957,95.5750433052619,Beauty,4.91,Wrong Item,WH1
R0221,24.480949496728677,72.3806788616461,Beauty,3.21,Wrong Item,WH1
R0222,10.716568267014683,80.53770923023545,Electronics,1.39,Changed Mind,WH3
R0223,18.66375828872357,95.36486168486037,Home,0.98,Changed Mind,WH1
R0224,15.690868662770038,80.17209219085754,Beauty,1.1,Changed Mind,WH4
R0225,15.075699657993423,86.51725248225848,Apparel,0.3,Size Issue,WH3
R0226,36.21730608782092,79.53023754092104,Electronics,2.08,Size Issue,WH5
R0227,19.39983401533605,75.95224086811143,Books,1.12,Other,WH3
R0228,33.86935010013629,96.53535179083502,Home,2.18,Changed Mind,WH4
R0229,26.303020153920624,79.87068618313624,Electronics,4.69,Defective,WH5
R0230,31.049527802707804,93.9288769066949,Books,2.27,Other,WH3
R0231,22.576475700050572,74.6686835708415,Books,4.41,Defective,WH1
R0232,24.730212654164415,74.18003641672742,Beauty,3.11,Size Issue,WH2
R0233,22.283013120747054,68.90288840365083,Beauty,1.39,Other,WH2
R0234,13.66204664614329,86.89833793590067,Beauty,1.91,Other,WH1
R0235,28.951111342583655,78.68726396798907,Electronics,0.6,Wrong Item,WH2
R0236,16.14239851078482,93.06638924534947,Electronics,1.8,Size Issue,WH2
R0237,8.705163026512162,81.72308729405516,Home,3.45,Size Issue,WH1
R0238,26.718696581307867,96.07760940952693,Beauty,0.55,Other,WH1
R0239,13.136209702804418,73.38023995539051,Books,1.19,Size Issue,WH3
R0240,35.27329894623452,93.19007187071271,Apparel,2.03,Other,WH3
R0241,35.66392873307503,90.52130873096051,Home,4.91,Wrong Item,WH1
R0242,34.531067316393006,90.35673349467751,Electronics,3.97,Other,WH4
R0243,18.73460230740789,92.49871361538975,Home,3.72,Size Issue,WH2
R0244,8.448241879337155,90.06969573734696,Home,0.76,Size Issue,WH3
R0245,34.921238315044036,86.16038932731105,Home,3.95,Other,WH2
R0246,20.417340301202117,71.80610145278924,Home,3.97,Other,WH5
R0247,36.03298975226642,68.9432592052463,Apparel,3.09,Other,WH1
R0248,35.94497933558833,94.70458758665492,Beauty,4.95,Changed Mind,WH4
R0249,32.737274208553444,85.8828591211014,Books,1.76,Size Issue,WH5
R0250,16.539017870017986,91.09958143830912,Home,4.72,Size Issue,WH5
R0251,19.167834129455834,81.96414819386395,Home,4.59,Changed Mind,WH5
R0252,32.68296347398885,71.40193747990944,Home,0.26,Other,WH1
R0253,17.190738149532052,71.63038797387397,Beauty,2.36,Wrong Item,WH3
R0254,12.915289653896682,87.88139332964016,Electronics,4.89,Other,WH1
R0255,24.147236611292154,80.47887095208442,Electronics,0.69,Other,WH3
R0256,35.14848845066265,73.81521707430977,Apparel,2.83,Changed Mind,WH5
R0257,28.184864103574217,82.25624185550167,Electronics,4.9,Size Issue,WH5
R0258,24.531773932591584,69.86205917517889,Home,2.87,Other,WH4
R0259,10.818118319352287,84.87717065551756,Home,1.11,Size Issue,WH3
R0260,25.835209574275922,75.80080872861784,Home,2.99,Defective,WH5
R0261,36.71156165302364,91.12921391847846,Apparel,1.18,Size Issue,WH2
R0262,12.062436441859198,77.00049680878364,Home,2.69,Wrong Item,WH4
R0263,23.031559918548368,81.20138432337224,Electronics,0.56,Wrong Item,WH1
R0264,33.443819085910704,68.33699565733492,Beauty,3.11,Other,WH4
R0265,29.482289914871927,70.10095974604221,Beauty,2.68,Size Issue,WH2
R0266,28.21345648886277,79.38231313579386,Books,3.75,Other,WH3
R0267,28.37203843562617,81.91822620679659,Electronics,3.23,Changed Mind,WH1
R0268,18.4252433853729,85.40059589545982,Home,2.84,Wrong Item,WH1
R0269,16.51416348367031,76.4582147825698,Beauty,3.51,Other,WH3
R0270,31.471473508876894,88.15447469766974,Electronics,0.89,Changed Mind,WH4
R0271,31.49328844569624,92.94354951848693,Beauty,3.06,Other,WH5
R0272,33.145097238823006,90.61567867790714,Home,1.03,Size Issue,WH4
R0273,34.48397602413767,69.14894593510236,Beauty,4.64,Size Issue,WH2
R0274,22.828929566967197,81.93470147047704,Books,0.53,Size Issue,WH5
R0275,22.54397254592879,71.04297517412706,Books,2.27,Size Issue,WH4
R0276,31.15056019003648,75.0193054600133,Beauty,3.54,Defective,WH3
R0277,26.848953992555188,96.61321520474725,Electronics,2.4,Changed Mind,WH2
R0278,28.357039440473397,72.13237074414388,Electronics,0.64,Changed Mind,WH2
R0279,31.07798741364693,82.46775645008933,Electronics,2.86,Size Issue,WH2
R0280,33.81015491270942,85.92651629522545,Beauty,3.28,Defective,WH5
R0281,17.801859548694537,88.37148414577902,Electronics,3.58,Size Issue,WH1
R0282,18.891905626558376,84.2298118211205,Home,1.99,Defective,WH5
R0283,10.725476255385201,68.28335457515632,Books,2.91,Size Issue,WH4
R0284,24.770124088889045,77.46737793907576,Home,2.36,Wrong Item,WH1
R0285,9.04232594010552,83.01363765815663,Electronics,3.43,Wrong Item,WH4
R0286,21.502342525841343,70.54812847520017,Home,3.0,Other,WH1
R0287,23.736694406519725,78.16818100506624,Electronics,2.72,Size Issue,WH5
R0288,16.30969631172025,68.96289015494963,Beauty,1.4,Changed Mind,WH2
R0289,25.13416455650131,70.2787764174956,Home,0.21,Other,WH3
R0290,8.884507248232433,79.51077500984628,Beauty,1.04,Wrong Item,WH2
R0291,9.083097473727218,71.84875686724875,Beauty,0.76,Size Issue,WH5
R0292,31.855416259130088,84.45868459958518,Apparel,2.36,Other,WH1
R0293,18.44552860092662,87.9944841049807,Electronics,3.14,Size Issue,WH2
R0294,11.684754866904658,91.2170142741634,Books,1.22,Wrong Item,WH5
R0295,23.145054541589325,73.80435708309949,Electronics,4.71,Other,WH4
R0296,30.329813039859715,72.85699488551302,Books,0.23,Wrong Item,WH3
R0297,14.258809797408453,71.03246736969761,Electronics,3.91,Defective,WH2
R0298,26.063823798751006,86.45647723676547,Beauty,3.2,Wrong Item,WH1
R0299,10.475076484819272,88.48779606812013,Home,1.99,Size Issue,WH4
R0300,9.498769913889623,68.91599819994362,Home,0.44,Changed Mind,WH5
R0301,23.40928431547629,95.150155141067,Apparel,3.21,Wrong Item,WH3
R0302,23.67841852669309,69.5071672258927,Books,2.05,Changed Mind,WH1
R0303,26.48546714344799,83.69759372373105,Books,4.69,Defective,WH5
R0304,29.056648677957185,88.56275506407658,Books,2.8,Other,WH5
R0305,36.29971030441351,93.25810458863648,Beauty,4.71,Other,WH2
R0306,22.972710100734666,88.7085210318404,Books,1.26,Changed Mind,WH2
R0307,17.365737715296135,91.25011440902396,Home,3.68,Other,WH1
R0308,31.060399648292407,77.84405558374138,Beauty,3.16,Wrong Item,WH5
R0309,15.854135286600153,91.62992829864885,Electronics,3.75,Changed Mind,WH2
R0310,20.730171200463445,70.32333054515559,Books,1.23,Size Issue,WH3
R0311,10.275235058925713,93.9496830257553,Books,3.39,Wrong Item,WH3
R0312,8.735171559048268,83.88017890845835,Electronics,2.59,Wrong Item,WH5
R0313,35.91680402565983,91.70163532891232,Books,3.77,Wrong Item,WH2
R0314,32.24342349485397,81.1172302510307,Electronics,1.77,Size Issue,WH1
R0315,28.18325197671724,86.66375316069923,Beauty,4.47,Defective,WH1
R0316,19.859635388013828,83.26567716714729,Home,0.6,Other,WH1
R0317,13.025535282054527,89.21609613090462,Electronics,4.07,Changed Mind,WH3
R0318,12.536674237461495,70.3672694788871,Apparel,4.33,Defective,WH2
R0319,15.257044046773265,69.75021043572634,Electronics,4.12,Changed Mind,WH2
R0320,23.927573276477496,75.16599378629425,Books,2.66,Other,WH3
R0321,28.72328175830181,72.62679572328246,Beauty,2.3,Size Issue,WH1
R0322,27.145723924814206,93.28172343117384,Beauty,4.98,Wrong Item,WH1
R0323,16.11808301143234,74.35720563338329,Electronics,1.3,Wrong Item,WH5
R0324,35.69109313923263,96.30009241875482,Home,2.83,Size Issue,WH4
R0325,29.399010584177287,77.7699779613621,Apparel,3.42,Defective,WH2
R0326,24.07626752283062,73.28141955497227,Beauty,3.56,Defective,WH2
R0327,25.739901640796216,90.90125670713189,Books,1.18,Changed Mind,WH2
R0328,20.168401810405907,87.1025254895254,Books,3.34,Size Issue,WH4
R0329,15.184198695533567,82.44767577714103,Home,4.13,Defective,WH5
R0330,18.323207680886586,84.1055429771913,Beauty,0.44,Size Issue,WH4
R0331,29.977537203466703,88.85685156989565,Electronics,4.58,Other,WH1
R0332,8.41741117026292,74.62518749860766,Books,0.34,Wrong Item,WH1
R0333,11.36610657470057,96.89368356564552,Home,1.91,Wrong Item,WH2
R0334,9.33407661863083,96.2690017022567,Beauty,0.28,Wrong Item,WH3
R0335,9.181135267250134,86.85944490406118,Beauty,0.57,Size Issue,WH2
R0336,32.808356936319214,73.78673107694522,Beauty,4.57,Size Issue,WH3
R0337,28.406077922020685,87.72661903050745,Beauty,1.9,Changed Mind,WH4
R0338,21.75104104353243,70.0937538603961,Beauty,2.24,Wrong Item,WH1
R0339,10.837190658879043,68.88892256396838,Books,1.23,Changed Mind,WH3
R0340,22.25686037838814,75.4728037668252,Home,3.07,Wrong Item,WH4
R0341,21.730681352636402,81.41606574544018,Beauty,3.06,Changed Mind,WH1
R0342,13.02285422739044,93.17990265684304,Apparel,1.99,Changed Mind,WH3
R0343,20.581697827901216,89.08790302322294,Apparel,1.8,Other,WH2
R0344,19.556637297523828,89.53848911479945,Home,4.45,Changed Mind,WH2
R0345,25.859652843514276,80.33930669899419,Electronics,2.04,Size Issue,WH2
R0346,26.41771587516167,78.03211478386193,Electronics,2.57,Changed Mind,WH4
R0347,9.313816283389292,78.76012412655348,Electronics,1.56,Wrong Item,WH2
R0348,18.863765824167665,96.64183734834567,Apparel,3.98,Changed Mind,WH5
R0349,26.149937555712857,69.16316655096199,Electronics,2.11,Defective,WH1
R0350,22.59095149882254,93.14391338755101,Books,2.67,Wrong Item,WH4
R0351,32.83820539446135,84.7815868485994,Beauty,1.42,Defective,WH2
R0352,27.102115316949405,80.71984715649812,Apparel,4.94,Wrong Item,WH1
R0353,12.725098385361461,89.03247215203896,Home,1.6,Size Issue,WH3
R0354,10.046493674612465,82.11339930131638,Home,3.9,Size Issue,WH2
R0355,26.630159067983154,93.32927390436816,Beauty,2.25,Size Issue,WH1
R0356,8.768828005707032,94.1203540563265,Apparel,1.19,Defective,WH5
R0357,24.987491856930436,80.2299068793302,Electronics,4.04,Other,WH3
R0358,35.26667700132377,76.0280061198165,Electronics,1.8,Wrong Item,WH5
R0359,24.68875115840049,85.1781595292075,Books,4.35,Size Issue,WH1
R0360,19.256927859989133,94.45853702288403,Books,4.59,Wrong Item,WH5
R0361,26.655358334828243,74.10920348116433,Electronics,4.33,Defective,WH1
R0362,21.28933382425398,86.066030923341,Home,0.37,Other,WH1
R0363,23.822886890162113,86.3152463826831,Home,3.98,Defective,WH5
R0364,35.30247945451923,89.26027765004315,Books,2.17,Wrong Item,WH1
R0365,19.196976496222455,71.81546286869053,Beauty,4.39,Other,WH2
R0366,35.87452635089351,88.75892397578056,Electronics,3.26,Other,WH1
R0367,34.25516861672585,94.36194309930359,Books,4.2,Defective,WH4
R0368,13.677942908889596,73.21081015723702,Books,2.6,Size Issue,WH1
R0369,10.011477725379798,74.88875642279245,Electronics,2.77,Wrong Item,WH4
R0370,10.922562039945372,96.17045772720755,Electronics,0.89,Changed Mind,WH1
R0371,8.528432943894941,73.2483316285752,Home,3.96,Changed Mind,WH1
R0372,10.738845861921924,92.7771677077178,Beauty,2.21,Defective,WH5
R0373,27.80719642907435,82.276057836993,Beauty,2.6,Wrong Item,WH2
R0374,10.064470805346641,75.16970115769213,Electronics,3.97,Wrong Item,WH2
R0375,17.250293278519077,93.25174713690284,Apparel,3.07,Defective,WH3
R0376,32.50138401811418,80.9138523950773,Books,1.17,Wrong Item,WH5
R0377,8.67488613633895,82.92970326396102,Books,3.03,Size Issue,WH5
R0378,31.619585995079138,78.4177677125932,Electronics,2.16,Defective,WH2
R0379,16.173788468428597,85.19557469161289,Apparel,2.45,Size Issue,WH5
R0380,11.426780001028032,72.74219230496566,Home,0.34,Wrong Item,WH2
R0381,28.20537779556037,79.34136456290106,Electronics,1.21,Defective,WH5
R0382,26.239342556616634,96.11295734772334,Electronics,1.55,Wrong Item,WH1
R0383,33.446688392284535,75.4858695483327,Books,3.62,Defective,WH2
R0384,29.317060270312687,87.04536327169748,Electronics,0.26,Wrong Item,WH2
R0385,31.30094698116061,77.43051186251616,Electronics,2.16,Size Issue,WH4
R0386,16.179002604567888,90.43072064491142,Electronics,4.64,Size Issue,WH5
R0387,13.14574676961196,71.79533616083215,Books,0.74,Wrong Item,WH5
R0388,29.767827797584893,96.1248103072778,Home,2.68,Defective,WH2
R0389,31.398207438750656,81.15989670012554,Home,3.98,Changed Mind,WH1
R0390,36.72464911801953,74.84546343704746,Electronics,4.72,Size Issue,WH1
R0391,19.96591263043137,70.13140567257037,Books,3.78,Size Issue,WH1
R0392,18.788524487990713,72.92297924753868,Home,3.66,Changed Mind,WH5
R0393,30.51597586151791,83.07344450812451,Home,4.17,Wrong Item,WH4
R0394,17.883302667337517,77.7730921165073,Home,2.34,Defective,WH2
R0395,34.99196244250338,92.03761761059567,Books,4.07,Wrong Item,WH3
R0396,32.89396980344734,80.49573818619237,Books,0.24,Other,WH4
R0397,20.44082679387553,75.21271390504127,Electronics,4.64,Size Issue,WH3
R0398,29.775260965953425,85.89720461151687,Beauty,2.33,Other,WH4
R0399,29.88174334845579,88.49653928967793,Home,2.86,Size Issue,WH1
R0400,10.990592196242046,72.84421532912755,Beauty,1.42,Size Issue,WH5
R0401,34.174034293707436,72.86095727236122,Books,3.76,Other,WH3
R0402,22.652318800987857,69.06347138107274,Books,0.57,Other,WH4
R0403,31.967266517124507,89.35565843690358,Books,4.39,Wrong Item,WH5
R0404,17.281438429887743,87.25033130103235,Beauty,4.17,Other,WH3
R0405,33.970173626389816,81.7642953967446,Books,1.24,Wrong Item,WH2
R0406,19.286848683290728,92.48094302010672,Electronics,4.08,Wrong Item,WH4
R0407,8.314291892928653,91.36443443555154,Books,3.97,Wrong Item,WH2
R0408,34.256077316158645,84.97527656750582,Apparel,3.23,Size Issue,WH1
R0409,10.647313626797873,93.1798671348845,Beauty,1.99,Size Issue,WH2
R0410,17.260095490122033,73.96939509106627,Apparel,1.5,Other,WH2
R0411,35.551797044473346,71.24566896253411,Books,1.31,Size Issue,WH4
R0412,35.567607261189124,75.8227387339927,Electronics,1.73,Other,WH1
R0413,24.629698755575298,69.65551882659013,Home,4.54,Size Issue,WH2
R0414,26.32327915292418,83.40391631202993,Books,0.57,Defective,WH5
R0415,21.004920137371272,95.16156507655388,Electronics,4.18,Defective,WH3
R0416,16.503112379243873,69.14096267938677,Beauty,1.87,Other,WH2
R0417,17.531271815727564,71.54118750629078,Apparel,2.7,Size Issue,WH1
R0418,27.503035226234115,81.11377182021963,Apparel,4.01,Size Issue,WH2
R0419,29.81886135369272,95.08237550830924,Apparel,4.45,Wrong Item,WH3
R0420,30.955792268049606,77.16852704432577,Beauty,1.85,Changed Mind,WH1
R0421,30.89892614104206,82.70980945196338,Electronics,2.42,Other,WH4
R0422,10.64497698841202,69.20561291246138,Beauty,2.19,Changed Mind,WH1
R0423,22.33818883637486,72.30195282790058,Apparel,0.26,Changed Mind,WH4
R0424,9.669204040482684,96.61227356580656,Books,1.62,Other,WH1
R0425,23.93633758738833,95.98844219664532,Home,2.4,Size Issue,WH3
R0426,20.804384539827936,68.14325944709788,Beauty,2.17,Other,WH3
R0427,33.74342129999069,95.60254177727393,Beauty,3.67,Changed Mind,WH1
R0428,18.176535364010284,86.5344781966495,Electronics,2.05,Size Issue,WH2
R0429,11.39494347640057,93.16963054108064,Electronics,2.55,Defective,WH3
R0430,12.14675877953224,81.18745581338192,Beauty,2.26,Other,WH4
R0431,30.083808319806696,82.95228482879826,Apparel,3.76,Other,WH4
R0432,25.92832383617157,82.17655082745068,Home,4.34,Size Issue,WH5
R0433,10.932557607560916,87.33906346883703,Electronics,2.75,Defective,WH4
R0434,10.439097377334924,72.04988638793307,Apparel,3.99,Defective,WH5
R0435,28.32810481231448,68.86923410630766,Books,1.62,Size Issue,WH1
R0436,10.110127184561613,76.92996830614453,Electronics,2.8,Wrong Item,WH1
R0437,31.83394171942033,88.43574211936276,Apparel,1.86,Other,WH1
R0438,28.48102458753839,73.8537501115655,Apparel,2.19,Other,WH2
R0439,10.359114638615093,87.52954056642261,Home,3.72,Changed Mind,WH2
R0440,10.460293708470566,96.12744933711085,Home,4.43,Size Issue,WH5
R0441,36.612547776534086,70.72312075789313,Books,0.78,Changed Mind,WH4
R0442,18.85385307692749,87.50546142852866,Apparel,3.25,Changed Mind,WH4
R0443,18.748622264939836,80.86875635983256,Apparel,2.99,Defective,WH1
R0444,31.571187450467576,93.17612537694765,Home,0.77,Other,WH3
R0445,35.4702087441319,73.13734389397419,Electronics,1.22,Changed Mind,WH2
R0446,36.594030850863255,88.08615261455877,Electronics,1.69,Defective,WH2
R0447,29.847967372509306,92.30534339979519,Beauty,1.0,Size Issue,WH1
R0448,18.911527980396556,95.39381236474668,Home,1.37,Changed Mind,WH2
R0449,10.421520784261395,87.81419282039973,Beauty,1.48,Other,WH1
R0450,30.537260561895668,82.41806815624439,Home,1.81,Changed Mind,WH5
R0451,24.193723242338347,85.9175699658352,Books,3.8,Size Issue,WH4
R0452,20.302438268162312,93.19824454988283,Apparel,2.95,Changed Mind,WH3
R0453,34.28427716774735,84.54768265252606,Books,4.93,Other,WH4
R0454,11.22472698687839,68.88122473120826,Home,2.19,Defective,WH4
R0455,22.286128024434916,94.99751216970236,Apparel,3.82,Other,WH5
R0456,8.329255698255153,87.99627577991527,Electronics,4.38,Defective,WH2
R0457,21.591158617829663,87.61888818754015,Electronics,3.46,Wrong Item,WH3
R0458,9.632794994773283,74.2545794195338,Beauty,2.18,Other,WH2
R0459,11.445719571774086,87.10767863674707,Home,3.82,Other,WH4
R0460,11.408261156536042,79.4220677639706,Home,1.18,Size Issue,WH1
R0461,26.827098761365843,86.88575633420328,Electronics,1.77,Changed Mind,WH4
R0462,29.635301498697274,71.09119787893174,Books,2.82,Defective,WH2
R0463,24.91769418781763,87.07751383348804,Apparel,2.96,Defective,WH4
R0464,35.903003905761715,96.98299804734933,Books,0.31,Size Issue,WH1
R0465,18.87124680618742,69.39814912695613,Books,4.74,Size Issue,WH5
R0466,16.28565050217396,96.3380513424182,Electronics,3.54,Changed Mind,WH2
R0467,33.189374717494346,79.80033086096324,Electronics,2.58,Changed Mind,WH4
R0468,14.484279317064127,93.25185005978051,Electronics,4.68,Other,WH2
R0469,35.933453643777725,90.68917903768993,Beauty,2.31,Wrong Item,WH5
R0470,8.352479766004674,84.44347156861336,Books,4.91,Changed Mind,WH4
R0471,36.12648597452153,89.41502706828847,Home,2.66,Size Issue,WH4
R0472,9.251637446566708,93.47695127773909,Apparel,0.75,Changed Mind,WH2
R0473,33.843150297244065,79.72006932787995,Beauty,3.87,Defective,WH2
R0474,23.303332163502695,77.48396168533392,Home,3.46,Wrong Item,WH1
R0475,36.79597908745971,87.36020818134395,Books,3.91,Other,WH5
R0476,10.140100377326567,91.42753231629649,Electronics,4.77,Defective,WH1
R0477,24.061774247638304,90.10626890852186,Books,3.93,Defective,WH4
R0478,36.10977353295387,91.1365958169004,Apparel,3.13,Wrong Item,WH2
R0479,23.169837480934316,80.63191612957506,Beauty,4.32,Other,WH4
R0480,26.252560505922613,91.71719226907562,Beauty,3.43,Size Issue,WH4
R0481,28.176711980553897,71.48606260574765,Apparel,2.16,Other,WH3
R0482,21.181690878265425,83.79018384086464,Home,4.45,Changed Mind,WH3
R0483,26.19918432243784,68.16700115444553,Home,1.27,Defective,WH4
R0484,24.945115045769906,77.41298906710784,Beauty,3.63,Changed Mind,WH2
R0485,34.13358230423868,78.62738451127053,Beauty,4.43,Size Issue,WH4
R0486,9.317945029902278,79.48900805666841,Electronics,3.71,Changed Mind,WH3
R0487,16.14793249817468,88.168548994006,Home,3.55,Other,WH2
R0488,35.561933038220204,79.26818493684003,Apparel,3.81,Changed Mind,WH4
R0489,33.81764973283657,81.01211505605339,Home,2.43,Size Issue,WH5
R0490,21.214045830785675,74.8887797953555,Electronics,4.4,Size Issue,WH5
R0491,25.983845336244567,78.82430195725087,Beauty,1.18,Size Issue,WH4
R0492,16.04405430645285,74.5908191906314,Beauty,0.81,Other,WH2
R0493,13.455513631989078,70.12268178928487,Electronics,1.57,Size Issue,WH4
R0494,21.44725374325948,85.50000920805996,Apparel,2.75,Defective,WH4
R0495,18.24721461275553,87.37817115809547,Beauty,2.65,Size Issue,WH3
R0496,24.92602724367529,85.96522003427881,Books,4.14,Changed Mind,WH5
R0497,10.254304471984561,81.4413272702166,Beauty,2.14,Changed Mind,WH3
R0498,36.25744942231883,79.01378762519766,Books,2.52,Changed Mind,WH3
R0499,36.60011158990848,93.03667583758293,Electronics,0.26,Other,WH4
R0500,28.24668970657261,83.05337176895033,Electronics,2.17,Changed Mind,WH3
R0501,23.54679462397949,81.8962744512622,Beauty,3.31,Other,WH5
R0502,16.976300872303504,68.74361990838663,Home,0.27,Other,WH3
R0503,31.60005557150151,77.89618700115854,Books,1.55,Size Issue,WH5
R0504,27.8572040040625,79.02567294478986,Apparel,1.2,Defective,WH3
R0505,12.715891241001849,79.56586064601011,Beauty,0.4,Size Issue,WH5
R0506,34.41688835032143,84.82499870759264,Apparel,2.5,Size Issue,WH3
R0507,31.8535800447719,83.47447385507948,Beauty,1.07,Other,WH3
R0508,35.5441974854658,85.6292476910099,Home,3.77,Other,WH2
R0509,29.04586574326244,90.18161458472173,Home,4.27,Changed Mind,WH5
R0510,25.789040682137905,91.57658642276671,Home,2.82,Changed Mind,WH5
R0511,20.129048052427947,88.82556921056835,Home,4.91,Size Issue,WH5
R0512,35.04912601726639,95.7101871826931,Electronics,2.36,Wrong Item,WH1
R0513,33.11585279551184,68.52874489761449,Electronics,2.66,Wrong Item,WH3
R0514,9.311341433079493,73.67756158482284,Books,4.95,Changed Mind,WH5
R0515,8.764642260420308,68.21932337436613,Apparel,1.31,Wrong Item,WH1
R0516,18.917437639463436,86.77676671048349,Beauty,4.72,Changed Mind,WH2
R0517,31.506046592673155,94.04288591954962,Beauty,0.41,Other,WH5
R0518,36.63100775013339,75.06098660071268,Electronics,2.34,Size Issue,WH5
R0519,12.362089842002318,94.88400179909289,Beauty,0.54,Defective,WH1
R0520,25.22979074521192,69.74775431839727,Electronics,3.7,Size Issue,WH3
R0521,19.045834842299623,95.09864477735991,Books,3.12,Changed Mind,WH2
R0522,36.12751753662349,78.1970579299494,Apparel,3.59,Changed Mind,WH5
R0523,32.421448770935555,70.94120402502728,Books,2.0,Size Issue,WH3
R0524,32.311532436623,82.09028101640344,Home,1.97,Changed Mind,WH2
R0525,21.59210163405414,75.44652046389473,Home,0.42,Wrong Item,WH4
R0526,20.02976556779229,76.26131415689576,Home,1.88,Wrong Item,WH4
R0527,15.928805085990481,76.91140898286231,Books,4.66,Changed Mind,WH2
R0528,9.634889402876887,91.28775103714725,Beauty,2.02,Changed Mind,WH1
R0529,33.07694891139654,83.63567702358237,Apparel,4.19,Wrong Item,WH2
R0530,31.57412926477225,77.0279232755241,Home,4.24,Changed Mind,WH2
R0531,36.99181252529779,85.69967971601663,Home,1.99,Changed Mind,WH1
R0532,36.90246827514326,88.76836955247262,Home,3.23,Size Issue,WH1
R0533,24.107519462476198,75.90609602127248,Apparel,0.66,Defective,WH3
R0534,30.300635040234805,79.9929239442352,Home,0.7,Wrong Item,WH3
R0535,35.39820616659041,71.53469670677148,Apparel,0.43,Size Issue,WH1
R0536,32.639774329644936,73.25333113650572,Home,2.99,Defective,WH4
R0537,15.173094950552732,87.7524177649845,Books,2.25,Changed Mind,WH4
R0538,21.065779923992714,73.26171208317318,Books,2.83,Changed Mind,WH2
R0539,11.745623039393355,83.22973812634474,Apparel,2.7,Size Issue,WH5
R0540,35.66747979050295,88.56234158995055,Books,1.88,Changed Mind,WH2
R0541,25.57906439907552,71.09943076974757,Apparel,3.45,Other,WH2
R0542,14.630641359600418,84.4520543692382,Books,3.84,Size Issue,WH5
R0543,27.479319847769844,75.44032072733955,Books,0.27,Defective,WH1
R0544,25.92571897327898,95.92487938188981,Apparel,1.19,Size Issue,WH4
R0545,18.386718822952375,82.02282375487782,Beauty,3.62,Wrong Item,WH2
R0546,11.293170173789242,91.37378394347958,Books,2.06,Size Issue,WH5
R0547,27.47562267219119,83.9565697225316,Home,3.38,Changed Mind,WH3
R0548,23.088923326210008,69.25896345278976,Beauty,1.87,Changed Mind,WH2
R0549,30.39723336033354,86.36138989222664,Apparel,2.08,Other,WH4
R0550,23.084741532247808,95.59069692399305,Beauty,0.96,Other,WH1
R0551,32.71326350923766,85.44674278424361,Electronics,1.44,Other,WH2
R0552,24.00529832446008,91.75647692337691,Electronics,3.11,Defective,WH2
R0553,24.267201174526203,93.64198743710382,Books,2.28,Other,WH5
R0554,33.422954477092006,74.61431338651904,Books,3.92,Defective,WH3
R0555,19.701003120159513,74.14930035733857,Home,4.29,Other,WH3
R0556,11.886441625068581,85.71844867667876,Beauty,2.8,Defective,WH1
R0557,8.83469761308683,79.91982562439443,Electronics,3.84,Size Issue,WH4
R0558,29.89898041453495,92.35597778313489,Books,1.67,Size Issue,WH1
R0559,25.988976989250475,94.10067057854232,Beauty,2.19,Changed Mind,WH2
R0560,28.418313274877484,78.24921999977883,Books,3.62,Defective,WH2
R0561,14.175960683758412,74.86924621025997,Books,2.05,Wrong Item,WH3
R0562,11.954772792016323,90.63523994207199,Electronics,3.02,Changed Mind,WH4
R0563,8.421795304368576,75.96937503089595,Electronics,1.09,Size Issue,WH5
R0564,18.167039205391312,91.85581523689667,Books,3.08,Defective,WH4
R0565,25.10761291878436,80.28840935581412,Apparel,4.34,Other,WH2
R0566,19.375077307892237,87.35894707945265,Books,4.37,Wrong Item,WH5
R0567,20.68677273868814,70.77052410120538,Books,3.68,Size Issue,WH4
R0568,34.220602140318704,86.09192041562062,Home,3.78,Changed Mind,WH4
R0569,18.099408543675708,81.10126268337964,Home,2.88,Defective,WH5
R0570,22.905695185634514,85.01164543208876,Home,3.01,Wrong Item,WH2
R0571,30.72593736949315,72.87241202460103,Apparel,0.84,Defective,WH4
R0572,19.499740687316834,89.36933860338128,Apparel,2.33,Other,WH5
R0573,26.04051430660833,93.02111524875363,Books,2.36,Changed Mind,WH2
R0574,33.00854755365561,74.2854542026325,Home,4.8,Defective,WH5
R0575,35.53609808607162,70.77572211008469,Apparel,2.27,Size Issue,WH5
R0576,12.2651309469421,68.68551899534376,Electronics,2.84,Changed Mind,WH4
R0577,34.871041129683334,86.61717351285472,Books,2.76,Size Issue,WH2
R0578,22.271372499306608,85.60572704657464,Beauty,3.26,Defective,WH4
R0579,15.489087260669791,83.85422496870802,Books,3.79,Changed Mind,WH1
R0580,21.314936930909578,74.72646578736328,Beauty,1.28,Size Issue,WH1
R0581,36.42094468327883,79.33627388125993,Home,2.74,Other,WH2
R0582,22.28592472579322,85.23981372039901,Beauty,4.16,Other,WH5
R0583,17.53379669833774,82.40623890691592,Home,2.42,Defective,WH4
R0584,26.368624775185047,96.64578008623172,Electronics,1.54,Changed Mind,WH4
R0585,14.964222944567599,71.95675282414525,Beauty,3.34,Wrong Item,WH2
R0586,10.200036515151254,88.15919206738022,Books,4.15,Changed Mind,WH2
R0587,11.737511935408827,79.72524427502447,Home,0.5,Other,WH1
R0588,11.713329329775402,80.41778883284283,Books,3.93,Size Issue,WH3
R0589,12.405178111856536,88.81033520408711,Apparel,4.14,Wrong Item,WH2
R0590,12.025988006832893,88.08064838840671,Home,2.42,Defective,WH3
R0591,26.585367599293225,96.74642381736346,Beauty,4.92,Wrong Item,WH2
R0592,13.274522447575201,71.72343439416963,Home,3.98,Defective,WH5
R0593,18.024351216392034,71.01917983214082,Books,3.91,Wrong Item,WH5
R0594,34.00686388727434,89.0058256967335,Electronics,3.79,Defective,WH1
R0595,21.744887567623298,84.77322059318587,Home,0.92,Defective,WH1
R0596,27.359174417109788,75.95065933023437,Beauty,1.24,Wrong Item,WH3
R0597,12.997276264847265,70.30316170068062,Apparel,2.43,Wrong Item,WH2
R0598,13.576381545451452,70.48408923829649,Electronics,1.47,Defective,WH4
R0599,9.185189871727887,93.93153536525944,Apparel,2.19,Other,WH1
R0600,12.899116829092772,73.56415241684354,Home,4.46,Wrong Item,WH4
R0601,16.0791198319268,77.3777753013501,Books,4.16,Changed Mind,WH4
R0602,13.133304044025657,74.57303566458265,Books,3.22,Size Issue,WH2
R0603,10.572373478954614,78.29489286912619,Beauty,4.32,Defective,WH3
R0604,11.498440261917423,70.0132914396367,Books,3.96,Defective,WH2
R0605,21.362584272949046,83.05273393633985,Electronics,2.26,Size Issue,WH1
R0606,13.983677833767983,69.96076434417424,Books,1.17,Other,WH4
R0607,18.563825970394188,91.21033872684848,Beauty,2.67,Size Issue,WH2
R0608,22.599100854790848,74.77765037540256,Home,3.73,Wrong Item,WH2
R0609,28.021450030251593,83.66034552353081,Home,2.29,Size Issue,WH2
R0610,9.14005205539187,93.52229353928229,Books,3.4,Defective,WH1
R0611,31.182901568362237,86.87544370236863,Apparel,0.65,Size Issue,WH3
R0612,26.209111295236326,83.45577580998872,Home,3.79,Changed Mind,WH2
R0613,10.371011926517285,77.4056788403459,Books,4.1,Wrong Item,WH1
R0614,33.33378009909654,77.65705547868774,Beauty,3.59,Size Issue,WH4
R0615,34.70529961542258,87.4151217007475,Books,4.84,Defective,WH5
R0616,9.771260835791049,96.83004147541385,Home,4.17,Wrong Item,WH1
R0617,16.02945179626891,87.19333650563198,Beauty,4.53,Defective,WH5
R0618,31.37983711399878,84.17571910373073,Books,4.68,Other,WH2
R0619,29.69953102112609,89.18886479693813,Electronics,4.05,Changed Mind,WH2
R0620,13.351109561334942,81.49096275622783,Beauty,3.44,Other,WH1
R0621,14.071130376764598,69.74412793542277,Electronics,0.23,Changed Mind,WH5
R0622,18.743690980950078,84.30660766045938,Apparel,2.44,Size Issue,WH2
R0623,22.051166570539618,95.77113325065602,Beauty,2.94,Wrong Item,WH4
R0624,25.929388374378583,73.08378532837213,Electronics,1.66,Size Issue,WH3
R0625,18.6984955475234,88.01014183379931,Home,1.73,Changed Mind,WH3
R0626,21.41350676786129,73.82707697111263,Home,4.81,Changed Mind,WH2
R0627,29.67665720587894,83.53900284971935,Apparel,4.48,Changed Mind,WH5
R0628,9.063812883827339,70.80361703975487,Beauty,4.28,Defective,WH2
R0629,15.320671385976603,81.06075715148737,Beauty,2.15,Wrong Item,WH5
R0630,28.68713799065202,89.92873653796214,Beauty,0.27,Size Issue,WH4
R0631,33.96099829292878,78.07957420293047,Apparel,0.59,Size Issue,WH5
R0632,22.83864582135432,87.28244001012932,Beauty,1.7,Other,WH2
R0633,23.431291072694155,91.06804886290215,Home,0.28,Changed Mind,WH4
R0634,11.107988328853505,94.88815676490412,Electronics,0.28,Changed Mind,WH1
R0635,20.974958637880185,74.80462037380815,Home,4.6,Changed Mind,WH3
R0636,23.44590072719567,79.58016155846994,Home,3.59,Size Issue,WH2
R0637,15.031644605407159,72.42006438658211,Electronics,1.68,Other,WH2
R0638,15.80805369753205,96.78202156259289,Home,0.84,Defective,WH2
R0639,18.941240730034057,94.88302806980457,Apparel,2.66,Wrong Item,WH4
R0640,8.582064735554065,83.65875677813622,Electronics,0.23,Defective,WH1
R0641,17.34029580191217,92.41896553691622,Home,4.7,Size Issue,WH5
R0642,14.131992202899795,83.10778134088922,Books,2.19,Changed Mind,WH1
R0643,17.497423213159525,86.08398495208003,Home,2.13,Wrong Item,WH4
R0644,11.473101822758284,70.58460853136448,Apparel,2.07,Size Issue,WH2
R0645,33.82529114145696,89.90284219440743,Beauty,0.53,Size Issue,WH3
R0646,25.21418115306741,71.7036910254218,Home,3.26,Size Issue,WH2
R0647,27.6939672551902,91.95596127732333,Beauty,3.72,Wrong Item,WH5
R0648,30.88596591961281,90.67881454244119,Books,3.45,Wrong Item,WH3
R0649,22.45482376894266,88.55359623454632,Home,0.86,Other,WH2
R0650,10.520688354535288,69.0486510352181,Electronics,2.98,Other,WH3
R0651,23.576089712737886,76.79072232241452,Beauty,2.93,Defective,WH1
R0652,25.018392422605494,75.63026452741444,Books,4.37,Wrong Item,WH4
R0653,29.61774475134557,78.44395581667405,Electronics,2.02,Wrong Item,WH2
R0654,20.518126840660702,70.54163965615132,Electronics,1.98,Wrong Item,WH5
R0655,11.69982878107135,95.17177686790082,Electronics,3.17,Other,WH1
R0656,16.22950126816301,84.06026498065891,Electronics,3.24,Size Issue,WH2
R0657,18.529386595560418,76.86020500908268,Home,2.45,Changed Mind,WH1
R0658,26.731599998616435,79.51246399515422,Home,2.33,Other,WH5
R0659,24.552570835398445,80.96887367464024,Home,2.57,Wrong Item,WH2
R0660,18.32680505103754,85.4172356674579,Books,4.33,Other,WH5
R0661,36.60894221499641,82.95470340319844,Books,2.41,Defective,WH3
R0662,25.567469761349727,94.6623672232181,Books,4.71,Wrong Item,WH5
R0663,14.87957696034384,82.41194100426908,Apparel,2.62,Defective,WH3
R0664,10.951691705991708,96.77258242987607,Books,4.76,Wrong Item,WH2
R0665,12.43291503634563,92.69132377460778,Home,4.2,Other,WH3
R0666,15.132774123150735,74.04680491636273,Home,1.94,Size Issue,WH2
R0667,12.659759824527114,94.98726122467357,Apparel,4.35,Changed Mind,WH2
R0668,13.410443697487867,71.3746255386788,Apparel,0.73,Defective,WH4
R0669,16.267759892121568,91.70604154624456,Books,4.64,Other,WH2
R0670,13.02783426354789,79.03807551082082,Beauty,3.23,Size Issue,WH3
R0671,34.00619731416633,93.46125529290701,Apparel,0.46,Other,WH4
R0672,10.326778624187625,93.17364401311606,Electronics,3.29,Defective,WH4
R0673,23.210830297537385,91.37183660341101,Home,4.88,Changed Mind,WH2
R0674,19.90150798270018,90.91088265290477,Electronics,0.54,Other,WH5
R0675,36.48897989034958,76.83569503384318,Home,2.86,Wrong Item,WH5
R0676,11.249128162873518,70.34665920848632,Home,3.79,Size Issue,WH4
R0677,19.537812372326506,79.68642518418969,Apparel,4.09,Other,WH2
R0678,36.1146425649857,73.03221093460876,Apparel,2.19,Size Issue,WH5
R0679,33.09970665092543,88.15358157817138,Electronics,1.18,Wrong Item,WH2
R0680,31.695090057529118,78.03689206959578,Home,0.4,Changed Mind,WH2
R0681,15.479181984303256,96.29269582493754,Electronics,2.98,Changed Mind,WH4
R0682,12.955740034311908,86.58819024301462,Beauty,2.37,Wrong Item,WH4
R0683,27.390653377808498,91.85193634539647,Electronics,4.75,Size Issue,WH1
R0684,34.951903684699985,71.8432155095136,Books,0.49,Other,WH5
R0685,24.146123897403964,92.99841998590605,Electronics,3.49,Wrong Item,WH5
R0686,24.576767994627097,94.75995852488843,Books,0.32,Defective,WH5
R0687,16.11939371614824,82.12479564574915,Books,1.02,Size Issue,WH3
R0688,30.31529506256617,85.58133519477835,Books,2.38,Changed Mind,WH2
R0689,13.424268708168178,90.17948422618687,Beauty,2.38,Wrong Item,WH4
R0690,17.386697855723067,73.07032019055197,Electronics,3.49,Changed Mind,WH5
R0691,20.337656719876087,82.57441621743983,Electronics,4.57,Size Issue,WH1
R0692,22.720700981849195,79.56122780539708,Beauty,3.27,Changed Mind,WH5
R0693,15.029882240037328,72.24484577270522,Home,4.78,Wrong Item,WH2
R0694,11.330267917436903,78.65849824645441,Apparel,4.43,Size Issue,WH2
R0695,25.707981230807345,69.97699697217931,Electronics,3.01,Defective,WH4
R0696,16.37028604396742,68.74854530153512,Apparel,4.2,Wrong Item,WH3
R0697,24.855908421255755,71.91982238548987,Beauty,3.28,Other,WH4
R0698,12.476518742951868,95.93033823608604,Home,0.58,Wrong Item,WH5
R0699,21.953062953789708,83.93635654095549,Home,3.75,Size Issue,WH1
R0700,23.445093543995988,96.00884267344338,Home,0.66,Wrong Item,WH4
R0701,9.50288256785038,80.54243847157383,Beauty,3.05,Defective,WH3
R0702,17.761524067623697,77.04266785947253,Books,3.57,Defective,WH4
R0703,11.898025631230253,82.67811402236708,Books,0.52,Other,WH2
R0704,9.837874143710264,80.7458389703544,Apparel,1.31,Changed Mind,WH5
R0705,36.70884673930841,71.06427584359058,Books,4.6,Size Issue,WH5
R0706,17.348261504266965,86.58396312601599,Books,3.16,Size Issue,WH5
R0707,31.486358929784412,74.2651072927784,Home,1.38,Changed Mind,WH5
R0708,15.384578988149151,85.96805069203705,Home,3.52,Defective,WH5
R0709,27.76357894449395,86.85583167954644,Apparel,3.06,Defective,WH5
R0710,30.04660793680091,72.4087207407308,Electronics,2.61,Wrong Item,WH1
R0711,25.273523477627485,69.77913918620938,Apparel,4.89,Other,WH3
R0712,21.675709467954594,90.64208599598476,Apparel,3.48,Other,WH5
R0713,19.943386510270788,81.33421228931029,Beauty,2.0,Other,WH3
R0714,18.117179729746866,69.6867500696588,Beauty,4.04,Wrong Item,WH5
R0715,34.956345183186954,96.85112319792324,Apparel,4.45,Other,WH4
R0716,32.087962825844144,69.67563626889464,Apparel,0.8,Changed Mind,WH5
R0717,35.98578040932887,88.15602163689805,Apparel,1.16,Wrong Item,WH2
R0718,11.604619481080796,96.526688832639,Books,1.24,Changed Mind,WH1
R0719,29.195156780905684,74.93622302226184,Beauty,3.52,Wrong Item,WH4
R0720,35.2118732478101,72.12523169192869,Apparel,3.09,Other,WH4
R0721,13.255758918804144,71.52016324325044,Home,3.17,Changed Mind,WH2
R0722,9.928391753636546,76.79497927946028,Home,4.72,Changed Mind,WH5
R0723,29.492498829411712,70.93032851930876,Books,3.92,Changed Mind,WH1
R0724,24.659720282217446,88.07267890912982,Books,0.81,Wrong Item,WH4
R0725,32.413034525989886,69.80646214577182,Electronics,1.87,Size Issue,WH1
R0726,12.053398922162396,82.7732417163439,Electronics,2.29,Other,WH4
R0727,31.062752043936815,96.90420876173633,Electronics,2.1,Changed Mind,WH5
R0728,13.847192281384592,91.60513781567454,Books,3.41,Size Issue,WH4
R0729,12.74602234310543,85.84136370869932,Books,4.48,Other,WH4
R0730,12.763708139998794,76.88135500281174,Books,1.67,Other,WH3
R0731,31.622666886710082,86.09297925245751,Home,2.85,Changed Mind,WH5
R0732,27.290719400189804,83.2842024534379,Books,3.99,Changed Mind,WH2
R0733,23.16889731830446,80.35641813282078,Home,2.2,Wrong Item,WH2
R0734,18.40608403958157,71.79060092546578,Electronics,1.01,Size Issue,WH5
R0735,33.43881568358014,93.71152224197354,Electronics,2.48,Size Issue,WH2
R0736,19.380908115256425,81.04375481581835,Electronics,0.47,Changed Mind,WH5
R0737,31.681383744675735,73.64405284280218,Apparel,4.72,Other,WH2
R0738,20.734912348536334,78.6650211754414,Apparel,0.56,Changed Mind,WH3
R0739,18.93138845332232,80.00976282333889,Beauty,2.3,Other,WH2
R0740,21.417713784418588,91.99859897143935,Beauty,2.74,Other,WH4
R0741,16.73995835076012,89.27481703628067,Beauty,4.93,Changed Mind,WH5
R0742,29.68067202511128,90.30984191559885,Apparel,1.0,Defective,WH1
R0743,22.578891312681897,68.31990666843078,Apparel,0.75,Size Issue,WH1
R0744,14.734168159257703,80.06846594721308,Beauty,0.24,Other,WH5
R0745,34.08766262496249,81.95898039742438,Beauty,0.95,Other,WH3
R0746,19.13284541982313,68.55657602786864,Books,1.19,Defective,WH2
R0747,23.76303297230567,75.53458305360599,Beauty,3.23,Wrong Item,WH3
R0748,34.28769121797186,90.04840487054192,Books,1.25,Defective,WH1
R0749,26.102901881505773,71.97618146614097,Home,0.3,Defective,WH5
R0750,11.390043180542559,83.52399381212516,Apparel,4.17,Other,WH5
R0751,35.255131584790774,74.24085428849989,Beauty,1.95,Size Issue,WH3
R0752,26.203533539071117,68.3515024646729,Apparel,1.9,Defective,WH3
R0753,17.712262825055497,74.9948422703867,Apparel,1.65,Wrong Item,WH2
R0754,12.038890107238231,96.30033889239157,Apparel,4.88,Changed Mind,WH4
R0755,31.026730488838584,91.24457624460669,Home,1.02,Defective,WH4
R0756,25.98210992192689,95.82772268530996,Electronics,4.51,Defective,WH2
R0757,23.470371667313323,82.14776727386452,Beauty,3.93,Wrong Item,WH4
R0758,33.92288490847777,71.1823497616476,Electronics,0.57,Size Issue,WH1
R0759,30.869319125511392,83.8908251802371,Electronics,4.94,Defective,WH4
R0760,12.398571512249784,81.17694270223886,Electronics,1.5,Defective,WH2
R0761,17.039939966070897,92.48635539944885,Apparel,0.67,Size Issue,WH4
R0762,15.206185054619507,70.8443948427431,Books,4.18,Wrong Item,WH5
R0763,29.574442484607633,82.15899297363157,Apparel,3.59,Defective,WH3
R0764,8.972440607337601,72.35141127612555,Apparel,3.16,Size Issue,WH1
R0765,24.52680086126818,77.41560187981173,Electronics,0.95,Defective,WH5
R0766,30.111301886480025,89.38335524424619,Apparel,2.5,Changed Mind,WH5
R0767,33.42620346609073,81.80452575169423,Electronics,3.95,Other,WH2
R0768,17.92037071276132,78.9007602692273,Books,1.66,Changed Mind,WH3
R0769,31.816461835488372,79.43981207853102,Beauty,1.7,Defective,WH3
R0770,11.20832037170101,81.32395628377361,Electronics,0.22,Wrong Item,WH1
R0771,32.54711646030103,90.76547977127464,Books,1.04,Other,WH2
R0772,11.697171207627491,93.8704559792668,Beauty,4.4,Changed Mind,WH1
R0773,19.52133142625065,95.70470590861392,Home,2.32,Size Issue,WH4
R0774,31.121565607607057,90.82019820140356,Electronics,4.92,Wrong Item,WH5
R0775,12.347605393114438,77.14679997669236,Electronics,2.1,Changed Mind,WH1
R0776,14.648290461746603,87.95590647650972,Home,3.63,Size Issue,WH5
R0777,28.945324483398924,80.69049059760637,Home,1.55,Defective,WH2
R0778,28.881059559836157,75.38544803933549,Electronics,1.95,Size Issue,WH4
R0779,26.59328135367362,92.38527580335176,Home,1.12,Changed Mind,WH2
R0780,28.1245048895459,69.11436411990742,Apparel,1.87,Changed Mind,WH4
R0781,23.73900885708029,94.15109777192728,Beauty,2.83,Defective,WH4
R0782,15.30217270830163,81.38284647411729,Beauty,4.96,Size Issue,WH5
R0783,18.025183811613665,86.47884282744013,Beauty,3.39,Size Issue,WH2
R0784,13.266333787241344,87.1212637439677,Apparel,1.16,Defective,WH2
R0785,34.34506627867522,93.95841448048955,Home,0.42,Size Issue,WH1
R0786,24.918362048217492,86.46342078284901,Books,0.81,Defective,WH2
R0787,19.624691086145557,85.80407395804178,Home,2.9,Wrong Item,WH1
R0788,21.398168305679846,69.93290917626001,Electronics,3.87,Changed Mind,WH3
R0789,35.47121684874264,83.03383263641092,Beauty,4.71,Wrong Item,WH3
R0790,12.447190690366327,72.35490102369421,Home,0.28,Other,WH3
R0791,25.00066512848712,89.38557929292308,Books,2.71,Other,WH2
R0792,22.670771687649513,82.85443570356756,Electronics,2.46,Other,WH2
R0793,25.73217282760479,87.72660559704224,Apparel,3.35,Defective,WH1
R0794,8.525195330804374,69.20851411746915,Apparel,2.89,Size Issue,WH4
R0795,33.29159335938039,70.4589684653283,Books,3.5,Wrong Item,WH1
R0796,35.03143019202476,88.77337825381778,Electronics,3.36,Wrong Item,WH3
R0797,24.38886232408706,70.09044574396152,Beauty,0.76,Wrong Item,WH1
R0798,28.202873892429874,70.0664451051925,Home,4.04,Wrong Item,WH4
R0799,34.75248205414157,68.35114578181174,Electronics,0.79,Other,WH2
R0800,28.50992039508856,95.73854055068492,Apparel,3.55,Wrong Item,WH1
R0801,12.423632244513579,89.3877424243112,Books,2.2,Size Issue,WH3
R0802,24.71236244483758,78.24429084655986,Books,2.67,Other,WH3
R0803,25.59473634510282,76.599531857342,Home,4.54,Wrong Item,WH2
R0804,20.299789467769195,78.14139366262964,Books,4.47,Defective,WH1
R0805,29.356882833116963,90.46495240425428,Books,4.13,Changed Mind,WH4
R0806,35.096643428301434,87.17974772104202,Electronics,2.65,Changed Mind,WH2
R0807,34.841486874296514,73.37067146815657,Beauty,3.73,Changed Mind,WH1
R0808,21.074341770719833,73.04917072468845,Home,2.66,Other,WH5
R0809,11.283903329381902,70.85347384168853,Electronics,4.37,Wrong Item,WH3
R0810,36.5603947699077,87.1487788713388,Beauty,2.13,Other,WH4
R0811,32.32804450693209,90.16680720443034,Electronics,4.86,Size Issue,WH4
R0812,11.615217754894738,75.68634642142511,Electronics,4.68,Defective,WH4
R0813,34.7044145959038,68.60740386989647,Books,3.76,Defective,WH3
R0814,33.22699449980172,70.3829783568164,Beauty,1.54,Changed Mind,WH1
R0815,23.046303656656093,96.06794101050588,Home,0.83,Changed Mind,WH2
R0816,25.146987636602947,76.56789854684519,Home,4.3,Changed Mind,WH1
R0817,19.571078412233778,90.30747128730587,Beauty,0.99,Wrong Item,WH2
R0818,9.588087525838908,86.11524349677364,Books,4.3,Size Issue,WH4
R0819,17.720720007731124,79.07624954993398,Apparel,2.56,Size Issue,WH1
R0820,31.282750009342333,73.96493060367109,Electronics,2.15,Size Issue,WH4
R0821,8.134328667133483,71.52020612662278,Books,4.54,Size Issue,WH5
R0822,17.67147597904318,85.83537607312714,Beauty,3.1,Changed Mind,WH4
R0823,19.546892114137357,90.46437963849586,Electronics,2.97,Defective,WH4
R0824,23.58447248519976,86.67322335269279,Home,2.88,Changed Mind,WH2
R0825,34.67581287597005,83.3787618642256,Apparel,1.98,Size Issue,WH5
R0826,18.044033836612876,69.21658547951745,Home,3.97,Changed Mind,WH4
R0827,18.061642854990602,96.08617455023713,Beauty,1.41,Size Issue,WH4
R0828,29.387536195182705,91.16271155798266,Electronics,4.71,Other,WH5
R0829,21.114320285804407,76.49183906432798,Beauty,4.49,Defective,WH5
R0830,14.513539865259478,96.41913955140667,Electronics,1.82,Other,WH1
R0831,21.12074596784811,85.45456609945334,Books,3.7,Wrong Item,WH2
R0832,12.084853591014195,84.89025708801015,Apparel,2.95,Changed Mind,WH5
R0833,13.115222608680476,89.69412220345643,Books,1.82,Wrong Item,WH5
R0834,22.45266540944491,91.54132385461399,Books,4.94,Changed Mind,WH3
R0835,20.14883803563189,87.03787961261358,Beauty,0.32,Other,WH5
R0836,34.5305311309749,71.7147766446198,Apparel,1.41,Size Issue,WH2
R0837,18.50942307438236,77.80975767384045,Electronics,2.7,Size Issue,WH4
R0838,24.83706215806326,94.91442556945545,Electronics,2.71,Changed Mind,WH4
R0839,26.33566434966638,74.5138527434717,Home,3.03,Size Issue,WH4
R0840,8.379739241061676,78.79284369128789,Electronics,3.81,Other,WH4
R0841,27.24258378848461,80.53022960538169,Beauty,3.19,Size Issue,WH3
R0842,13.163043039222792,80.74274470113912,Books,3.08,Other,WH5
R0843,35.8710392066142,85.77524789234124,Books,0.46,Wrong Item,WH4
R0844,12.311219104840276,95.34919929459652,Books,2.01,Other,WH1
R0845,20.024099588083686,74.98008864314264,Apparel,1.31,Defective,WH4
R0846,10.475140374280672,71.52353991272662,Electronics,1.47,Defective,WH5
R0847,36.90935330353247,73.72664420593819,Beauty,2.86,Defective,WH4
R0848,22.563655299606033,93.72082210606882,Apparel,1.16,Changed Mind,WH3
R0849,25.266165502281268,86.72851356700097,Home,1.61,Changed Mind,WH2
R0850,9.945217844264397,76.29129688793564,Beauty,1.34,Changed Mind,WH2
R0851,29.748853641576154,91.6624612300899,Beauty,4.75,Other,WH5
R0852,14.087262199771988,92.97972989453964,Beauty,4.73,Changed Mind,WH2
R0853,34.0435743937807,92.54891582201806,Books,3.13,Wrong Item,WH2
R0854,13.949049573978208,94.64886947554709,Beauty,4.64,Defective,WH1
R0855,13.52994389924633,75.31498958502749,Electronics,3.97,Other,WH5
R0856,9.059940367594752,89.89621593364207,Beauty,3.03,Defective,WH5
R0857,21.68994140818998,81.35564542095005,Books,0.23,Changed Mind,WH2
R0858,24.380392864615878,92.41795803381179,Beauty,3.91,Other,WH2
R0859,9.905550543422219,89.12622963768678,Home,3.57,Size Issue,WH2
R0860,30.490300884155307,90.51697594849202,Home,3.15,Wrong Item,WH3
R0861,21.1453762076928,87.02869329275107,Books,3.85,Changed Mind,WH4
R0862,23.207317810499823,73.1454343146215,Electronics,2.66,Changed Mind,WH3
R0863,20.78211966120862,83.80578064801121,Electronics,3.58,Wrong Item,WH5
R0864,19.622128765384453,96.55542244621074,Apparel,4.69,Wrong Item,WH1
R0865,24.22956960793832,95.18425392841645,Books,2.0,Size Issue,WH4
R0866,12.501967131990662,69.25203833811334,Beauty,3.6,Changed Mind,WH1
R0867,13.275915784362862,72.77962965615367,Books,2.48,Changed Mind,WH5
R0868,32.991783009392,71.82013443018229,Apparel,3.44,Defective,WH5
R0869,35.437348401875354,89.05341738957357,Books,3.86,Other,WH1
R0870,18.825970172112836,91.7157745658514,Books,0.42,Other,WH1
R0871,15.851595521163059,74.19182962300948,Apparel,3.3,Defective,WH1
R0872,26.675986753931458,82.66972809560303,Electronics,1.29,Other,WH5
R0873,19.853290961844795,92.3803878123248,Beauty,3.42,Wrong Item,WH2
R0874,8.736204314150001,89.25124479822126,Apparel,2.45,Other,WH1
R0875,12.52842532361952,83.7248789592636,Home,3.91,Other,WH4
R0876,28.76319463657453,85.12008302330442,Electronics,0.79,Defective,WH5
R0877,27.10879431539439,82.74245586057212,Home,3.21,Size Issue,WH3
R0878,8.78578378260102,76.6289050882458,Electronics,1.54,Other,WH3
R0879,14.437192696055533,84.38563779291147,Beauty,4.29,Other,WH4
R0880,14.70116910105407,87.97767375945263,Beauty,4.66,Size Issue,WH2
R0881,27.484889564363122,93.32636455996342,Books,4.98,Defective,WH1
R0882,8.57160559487656,86.4524492653982,Home,4.02,Size Issue,WH5
R0883,11.019148877552642,90.07252457425159,Electronics,3.82,Defective,WH1
R0884,31.19756647582249,72.64207741368261,Beauty,1.23,Wrong Item,WH5
R0885,13.177795199575675,81.38516675817391,Apparel,1.81,Defective,WH3
R0886,26.929637127704368,68.2706169749857,Beauty,2.44,Wrong Item,WH1
R0887,14.907300650355069,75.15368707112707,Apparel,3.91,Wrong Item,WH4
R0888,10.88380039002101,89.06738973827714,Electronics,4.59,Defective,WH2
R0889,15.051993538984169,96.76248858913154,Beauty,1.11,Changed Mind,WH4
R0890,28.945741023814115,70.87616488802927,Beauty,4.63,Defective,WH2
R0891,32.81519757508229,79.64333515997735,Electronics,3.54,Other,WH1
R0892,32.076376072442756,91.20205809227562,Beauty,3.13,Other,WH1
R0893,19.51832235893519,73.91703340423807,Apparel,1.16,Changed Mind,WH2
R0894,27.37446896054874,84.0974635297663,Beauty,0.47,Wrong Item,WH3
R0895,13.94454456705881,89.25906758486057,Home,2.93,Changed Mind,WH5
R0896,16.501284177569385,85.8635780575452,Books,3.33,Other,WH4
R0897,33.99373873711247,73.45271730384707,Apparel,1.21,Changed Mind,WH4
R0898,8.377055781811345,78.30615249188645,Home,2.87,Defective,WH4
R0899,10.479747394779574,90.72996175007651,Electronics,4.31,Changed Mind,WH1
R0900,14.028701399234793,84.07256890982848,Apparel,4.21,Wrong Item,WH4
R0901,8.769433912340771,68.15165879274447,Books,4.65,Defective,WH5
R0902,13.261627617604123,90.06873204081472,Books,1.96,Size Issue,WH5
R0903,24.908205268121073,69.02402929326693,Electronics,1.73,Other,WH2
R0904,20.22131196718244,89.62627969920572,Electronics,3.8,Other,WH1
R0905,33.88747962123227,73.87193624479188,Apparel,2.27,Changed Mind,WH5
R0906,31.705863290414786,95.78413092346203,Beauty,0.62,Defective,WH3
R0907,17.912703199238404,78.67028178776044,Electronics,1.56,Size Issue,WH1
R0908,15.523279569507482,77.4810168738043,Beauty,2.21,Defective,WH1
R0909,19.01107983685074,72.3177534596409,Home,1.6,Other,WH5
R0910,25.118553332929423,76.86252224921623,Books,1.79,Defective,WH3
R0911,15.773845583863412,93.42287209301782,Beauty,1.61,Size Issue,WH2
R0912,26.100318327624887,96.89369579119017,Books,0.4,Changed Mind,WH5
R0913,19.87293791354597,78.6809763846986,Beauty,3.26,Wrong Item,WH3
R0914,24.009368244707428,81.00970829768174,Home,3.07,Defective,WH1
R0915,20.647669344924182,88.94005720787938,Electronics,3.34,Wrong Item,WH3
R0916,16.53950702671561,93.69967763348717,Home,1.12,Other,WH1
R0917,35.505145901902544,85.19828569141674,Electronics,1.62,Changed Mind,WH5
R0918,30.144568030633064,79.35424524715705,Electronics,3.17,Changed Mind,WH5
R0919,12.063282097227123,79.96603338461009,Books,3.08,Defective,WH4
R0920,33.185571301039474,88.1729262484074,Home,2.63,Changed Mind,WH4
R0921,22.135504749235896,68.09332964452408,Beauty,1.88,Defective,WH4
R0922,33.94201457992865,85.96809078633538,Home,4.58,Defective,WH5
R0923,31.19580242247214,78.30929730279937,Books,1.83,Wrong Item,WH2
R0924,20.331191629607773,91.03172260703545,Electronics,2.39,Changed Mind,WH5
R0925,8.651609941283404,70.69672855487083,Books,3.45,Defective,WH3
R0926,15.791643422163435,85.05786574150332,Apparel,2.81,Wrong Item,WH5
R0927,23.70739222516514,81.9482138066976,Apparel,1.87,Size Issue,WH5
R0928,26.37086837495827,86.6274402512516,Beauty,2.29,Wrong Item,WH1
R0929,15.478742877562865,69.88075424000608,Books,4.01,Wrong Item,WH1
R0930,12.0413261481119,84.8195298354158,Beauty,1.54,Defective,WH1
R0931,32.21297686717968,84.28305305082618,Beauty,0.88,Other,WH5
R0932,36.54766324040301,84.25914273806896,Apparel,1.7,Other,WH2
R0933,23.24501528677789,85.50114233129719,Beauty,4.28,Other,WH3
R0934,12.9786992896008,87.61757017956451,Apparel,0.63,Wrong Item,WH3
R0935,15.8969124690617,91.34468099074232,Electronics,4.96,Defective,WH2
R0936,8.533329619876536,75.82480088371821,Books,2.8,Changed Mind,WH2
R0937,34.51466539025447,91.92643289522181,Beauty,4.93,Wrong Item,WH3
R0938,11.414781403814093,82.44941478564016,Apparel,4.71,Wrong Item,WH4
R0939,24.718977789913353,70.2346900948956,Home,2.37,Defective,WH1
R0940,15.947601399928974,69.6979769480754,Beauty,1.15,Size Issue,WH1
R0941,24.07116207295801,77.69291124218576,Electronics,0.99,Wrong Item,WH3
R0942,26.891191262204064,90.76201233623256,Electronics,1.35,Size Issue,WH2
R0943,32.06251230750885,88.52274710748655,Home,3.61,Size Issue,WH4
R0944,13.986216881057494,90.86983397549979,Apparel,1.51,Other,WH3
R0945,8.318879031095934,83.00080263680667,Beauty,1.84,Defective,WH1
R0946,11.969683271995411,80.76577094070923,Apparel,2.35,Size Issue,WH5
R0947,34.100540613595044,72.27612327448223,Electronics,4.58,Defective,WH2
R0948,33.34281224931294,77.51758985467004,Apparel,1.11,Other,WH5
R0949,25.32497996293894,80.58656161904239,Electronics,0.22,Defective,WH3
R0950,25.414988952575946,70.5694124607089,Apparel,0.49,Wrong Item,WH1
R0951,27.28606356184141,74.39774662862513,Home,4.54,Size Issue,WH4
R0952,13.08576708008004,85.34853352784842,Books,3.31,Defective,WH5
R0953,34.51794643182383,89.33423031293651,Home,1.51,Changed Mind,WH4
R0954,20.144345221870118,96.95207783039554,Home,1.05,Defective,WH1
R0955,19.111017319235426,95.06028660896317,Books,1.61,Size Issue,WH5
R0956,23.04861345320229,86.63439078652056,Books,0.75,Other,WH4
R0957,9.362013036476597,80.21619354552809,Beauty,4.72,Other,WH4
R0958,12.822217693926303,86.44914357653875,Beauty,3.96,Size Issue,WH5
R0959,29.40297487636474,90.78389692432673,Home,2.42,Wrong Item,WH1
R0960,10.401161369828667,71.43174953677823,Home,4.35,Wrong Item,WH4
R0961,25.491411174525258,79.88724180119236,Electronics,1.4,Other,WH3
R0962,15.115124180758308,92.3542662834329,Electronics,3.64,Other,WH5
R0963,19.28957280721732,79.13115560605827,Beauty,4.31,Size Issue,WH2
R0964,16.372118366350296,84.58429586558842,Beauty,1.91,Wrong Item,WH2
R0965,18.314508777483525,85.04531146500375,Electronics,3.84,Other,WH1
R0966,28.85233125034312,73.34981134087555,Electronics,1.62,Wrong Item,WH3
R0967,16.616529753072076,78.50482780791637,Apparel,1.63,Other,WH4
R0968,24.425734568610018,77.70082737351603,Apparel,0.71,Defective,WH2
R0969,21.80546166377389,68.75970454742988,Electronics,2.31,Changed Mind,WH1
R0970,27.246463795516796,68.70156115284931,Apparel,3.7,Defective,WH3
R0971,35.168062440417984,92.11921426659742,Books,4.71,Other,WH3
R0972,29.244590819097258,75.91905348921156,Beauty,3.1,Changed Mind,WH1
R0973,14.233270979131946,83.02428422092565,Beauty,4.34,Changed Mind,WH1
R0974,8.904310916777256,76.66304163407442,Electronics,4.15,Other,WH4
R0975,15.605657284694928,95.27969810834487,Home,1.03,Other,WH1
R0976,25.25725999030739,75.51960600710744,Electronics,2.53,Wrong Item,WH4
R0977,9.49134859104326,80.46004756942912,Apparel,0.76,Other,WH4
R0978,22.394621168835855,93.30917726405346,Home,3.47,Size Issue,WH5
R0979,25.308442618589787,92.41607343696245,Apparel,4.76,Other,WH3
R0980,17.693072833691865,73.39694111754204,Books,0.86,Size Issue,WH3
R0981,30.356453908628836,91.2766559840756,Apparel,3.72,Other,WH3
R0982,11.091349340879383,81.28741971539888,Books,3.23,Wrong Item,WH5
R0983,10.178995670338454,82.0060972904753,Books,3.0,Size Issue,WH4
R0984,29.1174739299045,71.87091920006237,Apparel,2.07,Defective,WH4
R0985,22.369248169979755,70.33744389895662,Apparel,1.9,Size Issue,WH1
R0986,27.963669496404346,89.11023990223919,Books,0.42,Wrong Item,WH5
R0987,20.60999281950864,82.39737341830369,Home,1.25,Size Issue,WH1
R0988,15.145658963934098,80.66867037584021,Books,0.27,Other,WH5
R0989,31.753967212551792,89.1557386309195,Beauty,2.99,Other,WH1
R0990,31.1830604901004,90.19987407074218,Books,0.71,Wrong Item,WH2
R0991,28.146197654778376,72.60833686241125,Home,4.39,Changed Mind,WH3
R0992,15.892208979668919,85.69652933485159,Beauty,2.71,Other,WH3
R0993,25.116689339203525,71.92526838605288,Electronics,3.56,Defective,WH4
R0994,18.468243011260775,89.78987749484233,Electronics,2.17,Wrong Item,WH2
R0995,10.65588012647239,87.05169953174705,Home,2.89,Size Issue,WH3
R0996,34.60209368840504,95.74182401142028,Books,4.72,Size Issue,WH4
R0997,11.96774029664988,69.99978247433621,Apparel,0.6,Defective,WH2
R0998,35.556883260803275,69.65458691338638,Home,1.42,Other,WH3
R0999,20.934167415780717,76.18342516610281,Beauty,3.94,Wrong Item,WH1
