return_id,resale_score,restock_priority,daily_demand,lead_time,safety_stock,reorder_point,restock_decision
R0000,0.85,129.2,11,2,10.14913815850195,32.14913815850195,Restock
R0001,0.7,339.5,8,4,14.353048830151756,46.35304883015176,Do Not Restock
R0002,0.7,278.59999999999997,17,6,17.57882294356141,119.5788229435614,Do Not Restock
R0003,0.7,224.0,19,6,17.57882294356141,131.57882294356142,Do Not Restock
R0004,0.95,148.2,15,5,16.04719643429658,91.04719643429658,Restock
R0005,0.7,84.69999999999999,12,2,10.14913815850195,34.14913815850195,Do Not Restock
R0006,0.7,166.6,17,2,10.14913815850195,44.14913815850195,Do Not Restock
R0007,0.7,49.0,9,3,12.43010490866994,39.43010490866994,Do Not Restock
R0008,0.4,60.800000000000004,11,5,16.04719643429658,71.04719643429658,Do Not Restock
R0009,0.95,162.45,14,3,12.43010490866994,54.43010490866994,Restock
R0010,0.85,224.4,7,3,12.43010490866994,33.43010490866994,Restock
R0011,0.4,152.0,11,3,12.43010490866994,45.43010490866994,Do Not Restock
R0012,0.9,123.3,15,4,14.353048830151756,74.35304883015175,Restock
R0013,0.95,400.9,15,4,14.353048830151756,74.35304883015175,Restock
R0014,0.95,141.54999999999998,12,3,12.43010490866994,48.43010490866994,Restock
R0015,0.9,368.1,9,5,16.04719643429658,61.04719643429658,Restock
R0016,0.9,180.9,8,2,10.14913815850195,26.14913815850195,Restock
R0017,0.9,162.0,12,5,16.04719643429658,76.04719643429658,Restock
R0018,0.85,169.15,12,6,17.57882294356141,89.5788229435614,Restock
R0019,0.7,250.6,7,4,14.353048830151756,42.35304883015176,Do Not Restock
R0020,0.95,291.65,10,2,10.14913815850195,30.14913815850195,Restock
R0021,0.7,275.09999999999997,9,2,10.14913815850195,28.14913815850195,Do Not Restock
R0022,0.7,324.09999999999997,6,6,17.57882294356141,53.578822943561406,Do Not Restock
R0023,0.9,308.7,12,6,17.57882294356141,89.5788229435614,Restock
R0024,0.85,369.75,16,3,12.43010490866994,60.43010490866994,Restock
R0025,0.4,96.4,18,4,14.353048830151756,86.35304883015175,Do Not Restock
R0026,0.85,419.05,10,4,14.353048830151756,54.35304883015176,Restock
R0027,0.7,228.2,6,5,16.04719643429658,46.04719643429658,Do Not Restock
R0028,0.85,178.5,16,3,12.43010490866994,60.43010490866994,Restock
R0029,0.9,326.7,9,3,12.43010490866994,39.43010490866994,Restock
R0030,0.4,28.400000000000002,5,3,12.43010490866994,27.43010490866994,Do Not Restock
R0031,0.9,271.8,16,3,12.43010490866994,60.43010490866994,Restock
R0032,0.4,114.0,14,4,14.353048830151756,70.35304883015175,Do Not Restock
R0033,0.7,275.79999999999995,10,4,14.353048830151756,54.35304883015176,Do Not Restock
R0034,0.4,39.2,17,3,12.43010490866994,63.43010490866994,Do Not Restock
R0035,0.4,43.2,16,5,16.04719643429658,96.04719643429658,Do Not Restock
R0036,0.4,87.60000000000001,13,2,10.14913815850195,36.14913815850195,Do Not Restock
R0037,0.85,201.45,5,2,10.14913815850195,20.14913815850195,Restock
R0038,0.85,272.0,15,5,16.04719643429658,91.04719643429658,Restock
R0039,0.7,167.29999999999998,15,3,12.43010490866994,57.43010490866994,Do Not Restock
R0040,0.4,198.0,19,4,14.353048830151756,90.35304883015175,Do Not Restock
R0041,0.95,212.79999999999998,14,2,10.14913815850195,38.14913815850195,Restock
R0042,0.7,346.5,16,6,17.57882294356141,113.5788229435614,Do Not Restock
R0043,0.4,40.0,16,6,17.57882294356141,113.5788229435614,Do Not Restock
R0044,0.4,165.20000000000002,19,5,16.04719643429658,111.04719643429658,Do Not Restock
R0045,0.85,88.39999999999999,18,3,12.43010490866994,66.43010490866993,Restock
R0046,0.7,205.1,18,2,10.14913815850195,46.14913815850195,Do Not Restock
R0047,0.4,147.6,19,3,12.43010490866994,69.43010490866993,Do Not Restock
R0048,0.4,72.0,18,2,10.14913815850195,46.14913815850195,Do Not Restock
R0049,0.7,249.2,7,5,16.04719643429658,51.04719643429658,Do Not Restock
R0050,0.95,174.79999999999998,16,5,16.04719643429658,96.04719643429658,Restock
R0051,0.7,49.0,11,6,17.57882294356141,83.5788229435614,Do Not Restock
R0052,0.7,264.59999999999997,8,3,12.43010490866994,36.43010490866994,Do Not Restock
R0053,0.95,205.2,13,6,17.57882294356141,95.5788229435614,Restock
R0054,0.7,226.1,7,3,12.43010490866994,33.43010490866994,Do Not Restock
R0055,0.4,174.8,9,6,17.57882294356141,71.5788229435614,Do Not Restock
R0056,0.7,96.6,7,4,14.353048830151756,42.35304883015176,Do Not Restock
R0057,0.95,346.75,11,4,14.353048830151756,58.35304883015176,Restock
R0058,0.9,56.7,9,4,14.353048830151756,50.35304883015176,Restock
R0059,0.7,203.7,13,4,14.353048830151756,66.35304883015175,Do Not Restock
R0060,0.85,266.9,11,2,10.14913815850195,32.14913815850195,Restock
R0061,0.4,158.0,6,4,14.353048830151756,38.35304883015176,Do Not Restock
R0062,0.4,40.800000000000004,8,5,16.04719643429658,56.04719643429658,Do Not Restock
R0063,0.85,369.75,13,5,16.04719643429658,81.04719643429658,Restock
R0064,0.85,330.65,16,2,10.14913815850195,42.14913815850195,Restock
R0065,0.7,98.69999999999999,18,4,14.353048830151756,86.35304883015175,Do Not Restock
R0066,0.85,353.59999999999997,6,4,14.353048830151756,38.35304883015176,Restock
R0067,0.9,443.7,14,4,14.353048830151756,70.35304883015175,Restock
R0068,0.95,453.15,13,6,17.57882294356141,95.5788229435614,Restock
R0069,0.85,266.05,14,3,12.43010490866994,54.43010490866994,Restock
R0070,0.85,408.0,9,6,17.57882294356141,71.5788229435614,Restock
R0071,0.9,75.60000000000001,6,3,12.43010490866994,30.43010490866994,Restock
R0072,0.4,102.0,8,4,14.353048830151756,46.35304883015176,Do Not Restock
R0073,0.4,52.0,16,4,14.353048830151756,78.35304883015175,Do Not Restock
R0074,0.7,328.29999999999995,19,6,17.57882294356141,131.57882294356142,Do Not Restock
R0075,0.9,89.10000000000001,16,6,17.57882294356141,113.5788229435614,Restock
R0076,0.95,388.54999999999995,11,3,12.43010490866994,45.43010490866994,Restock
R0077,0.95,415.15,16,5,16.04719643429658,96.04719643429658,Restock
R0078,0.9,45.9,17,3,12.43010490866994,63.43010490866994,Restock
R0079,0.95,417.04999999999995,12,6,17.57882294356141,89.5788229435614,Restock
R0080,0.4,41.2,19,6,17.57882294356141,131.57882294356142,Do Not Restock
R0081,0.95,147.25,7,2,10.14913815850195,24.14913815850195,Restock
R0082,0.95,293.55,18,6,17.57882294356141,125.5788229435614,Restock
R0083,0.9,323.1,5,2,10.14913815850195,20.14913815850195,Restock
R0084,0.9,216.0,8,5,16.04719643429658,56.04719643429658,Restock
R0085,0.95,428.45,6,3,12.43010490866994,30.43010490866994,Restock
R0086,0.85,226.95,12,3,12.43010490866994,48.43010490866994,Restock
R0087,0.9,83.7,8,2,10.14913815850195,26.14913815850195,Restock
R0088,0.7,147.7,6,3,12.43010490866994,30.43010490866994,Do Not Restock
R0089,0.7,175.7,18,6,17.57882294356141,125.5788229435614,Do Not Restock
R0090,0.4,198.0,10,4,14.353048830151756,54.35304883015176,Do Not Restock
R0091,0.95,303.05,10,2,10.14913815850195,30.14913815850195,Restock
R0092,0.85,340.0,14,3,12.43010490866994,54.43010490866994,Restock
R0093,0.4,141.20000000000002,8,2,10.14913815850195,26.14913815850195,Do Not Restock
R0094,0.95,304.0,10,2,10.14913815850195,30.14913815850195,Restock
R0095,0.9,237.6,17,4,14.353048830151756,82.35304883015175,Restock
R0096,0.7,210.7,19,6,17.57882294356141,131.57882294356142,Do Not Restock
R0097,0.85,203.15,6,2,10.14913815850195,22.14913815850195,Restock
R0098,0.7,241.49999999999997,14,3,12.43010490866994,54.43010490866994,Do Not Restock
R0099,0.9,235.8,16,5,16.04719643429658,96.04719643429658,Restock
R0100,0.95,244.14999999999998,6,2,10.14913815850195,22.14913815850195,Restock
R0101,0.9,257.40000000000003,14,2,10.14913815850195,38.14913815850195,Restock
R0102,0.9,348.3,18,4,14.353048830151756,86.35304883015175,Restock
R0103,0.7,291.2,8,6,17.57882294356141,65.5788229435614,Do Not Restock
R0104,0.85,86.7,18,5,16.04719643429658,106.04719643429658,Restock
R0105,0.9,296.1,19,3,12.43010490866994,69.43010490866993,Restock
R0106,0.7,321.29999999999995,19,5,16.04719643429658,111.04719643429658,Do Not Restock
R0107,0.85,226.1,12,3,12.43010490866994,48.43010490866994,Restock
R0108,0.95,285.95,18,6,17.57882294356141,125.5788229435614,Restock
R0109,0.95,225.14999999999998,11,3,12.43010490866994,45.43010490866994,Restock
R0110,0.4,171.60000000000002,16,4,14.353048830151756,78.35304883015175,Do Not Restock
R0111,0.7,62.99999999999999,13,4,14.353048830151756,66.35304883015175,Do Not Restock
R0112,0.85,175.1,18,4,14.353048830151756,86.35304883015175,Restock
R0113,0.9,57.6,12,4,14.353048830151756,62.35304883015176,Restock
R0114,0.95,332.5,9,5,16.04719643429658,61.04719643429658,Restock
R0115,0.85,96.89999999999999,17,6,17.57882294356141,119.5788229435614,Restock
R0116,0.7,275.79999999999995,6,3,12.43010490866994,30.43010490866994,Do Not Restock
R0117,0.4,150.4,19,3,12.43010490866994,69.43010490866993,Do Not Restock
R0118,0.95,55.099999999999994,9,4,14.353048830151756,50.35304883015176,Restock
R0119,0.85,334.05,12,4,14.353048830151756,62.35304883015176,Restock
R0120,0.85,151.29999999999998,14,2,10.14913815850195,38.14913815850195,Restock
R0121,0.85,157.25,13,6,17.57882294356141,95.5788229435614,Restock
R0122,0.7,78.39999999999999,16,5,16.04719643429658,96.04719643429658,Do Not Restock
R0123,0.7,131.6,16,3,12.43010490866994,60.43010490866994,Do Not Restock
R0124,0.7,91.0,16,2,10.14913815850195,42.14913815850195,Do Not Restock
R0125,0.9,396.90000000000003,17,2,10.14913815850195,44.14913815850195,Restock
R0126,0.85,180.2,13,3,12.43010490866994,51.43010490866994,Restock
R0127,0.95,444.59999999999997,17,5,16.04719643429658,101.04719643429658,Restock
R0128,0.7,236.6,19,2,10.14913815850195,48.14913815850195,Do Not Restock
R0129,0.7,299.59999999999997,17,2,10.14913815850195,44.14913815850195,Do Not Restock
R0130,0.85,263.5,5,6,17.57882294356141,47.578822943561406,Restock
R0131,0.7,196.0,13,5,16.04719643429658,81.04719643429658,Do Not Restock
R0132,0.9,81.0,11,2,10.14913815850195,32.14913815850195,Restock
R0133,0.9,69.3,13,5,16.04719643429658,81.04719643429658,Restock
R0134,0.7,128.79999999999998,12,3,12.43010490866994,48.43010490866994,Do Not Restock
R0135,0.85,212.5,5,4,14.353048830151756,34.35304883015176,Restock
R0136,0.85,320.45,16,2,10.14913815850195,42.14913815850195,Restock
R0137,0.85,269.45,12,6,17.57882294356141,89.5788229435614,Restock
R0138,0.4,186.8,12,3,12.43010490866994,48.43010490866994,Do Not Restock
R0139,0.7,57.4,19,5,16.04719643429658,111.04719643429658,Do Not Restock
R0140,0.85,82.45,15,3,12.43010490866994,57.43010490866994,Restock
R0141,0.9,410.40000000000003,7,2,10.14913815850195,24.14913815850195,Restock
R0142,0.95,105.44999999999999,5,5,16.04719643429658,41.04719643429658,Restock
R0143,0.95,251.75,12,4,14.353048830151756,62.35304883015176,Restock
R0144,0.85,290.7,7,3,12.43010490866994,33.43010490866994,Restock
R0145,0.95,140.6,7,2,10.14913815850195,24.14913815850195,Restock
R0146,0.95,209.95,5,6,17.57882294356141,47.578822943561406,Restock
R0147,0.4,163.60000000000002,15,5,16.04719643429658,91.04719643429658,Do Not Restock
R0148,0.9,236.70000000000002,9,3,12.43010490866994,39.43010490866994,Restock
R0149,0.9,75.60000000000001,14,3,12.43010490866994,54.43010490866994,Restock
R0150,0.4,199.20000000000002,11,4,14.353048830151756,58.35304883015176,Do Not Restock
R0151,0.4,110.4,14,4,14.353048830151756,70.35304883015175,Do Not Restock
R0152,0.95,142.5,13,6,17.57882294356141,95.5788229435614,Restock
R0153,0.7,336.0,16,6,17.57882294356141,113.5788229435614,Do Not Restock
R0154,0.95,171.0,11,2,10.14913815850195,32.14913815850195,Restock
R0155,0.4,122.4,13,2,10.14913815850195,36.14913815850195,Do Not Restock
R0156,0.9,48.6,12,6,17.57882294356141,89.5788229435614,Restock
R0157,0.95,253.64999999999998,16,6,17.57882294356141,113.5788229435614,Restock
R0158,0.7,212.79999999999998,6,5,16.04719643429658,46.04719643429658,Do Not Restock
R0159,0.95,424.65,5,4,14.353048830151756,34.35304883015176,Restock
R0160,0.85,346.8,11,2,10.14913815850195,32.14913815850195,Restock
R0161,0.95,315.4,11,4,14.353048830151756,58.35304883015176,Restock
R0162,0.4,176.8,18,4,14.353048830151756,86.35304883015175,Do Not Restock
R0163,0.9,230.4,12,6,17.57882294356141,89.5788229435614,Restock
R0164,0.9,57.6,9,5,16.04719643429658,61.04719643429658,Restock
R0165,0.4,158.0,7,3,12.43010490866994,33.43010490866994,Do Not Restock
R0166,0.85,77.35,16,5,16.04719643429658,96.04719643429658,Restock
R0167,0.4,171.60000000000002,12,5,16.04719643429658,76.04719643429658,Do Not Restock
R0168,0.95,216.6,10,4,14.353048830151756,54.35304883015176,Restock
R0169,0.4,44.800000000000004,15,5,16.04719643429658,91.04719643429658,Do Not Restock
R0170,0.4,160.4,7,2,10.14913815850195,24.14913815850195,Do Not Restock
R0171,0.85,238.0,5,4,14.353048830151756,34.35304883015176,Restock
R0172,0.95,275.5,7,2,10.14913815850195,24.14913815850195,Restock
R0173,0.7,70.69999999999999,9,3,12.43010490866994,39.43010490866994,Do Not Restock
R0174,0.7,101.5,19,4,14.353048830151756,90.35304883015175,Do Not Restock
R0175,0.9,393.3,18,3,12.43010490866994,66.43010490866993,Restock
R0176,0.4,108.4,7,4,14.353048830151756,42.35304883015176,Do Not Restock
R0177,0.9,410.40000000000003,5,6,17.57882294356141,47.578822943561406,Restock
R0178,0.85,238.0,9,5,16.04719643429658,61.04719643429658,Restock
R0179,0.7,200.2,14,6,17.57882294356141,101.5788229435614,Do Not Restock
R0180,0.4,76.80000000000001,11,3,12.43010490866994,45.43010490866994,Do Not Restock
R0181,0.85,187.0,19,5,16.04719643429658,111.04719643429658,Restock
R0182,0.85,66.3,18,4,14.353048830151756,86.35304883015175,Restock
R0183,0.4,34.0,11,5,16.04719643429658,71.04719643429658,Do Not Restock
R0184,0.85,52.699999999999996,15,2,10.14913815850195,40.14913815850195,Restock
R0185,0.4,83.60000000000001,13,5,16.04719643429658,81.04719643429658,Do Not Restock
R0186,0.4,150.4,19,2,10.14913815850195,48.14913815850195,Do Not Restock
R0187,0.95,224.2,19,5,16.04719643429658,111.04719643429658,Restock
R0188,0.9,262.8,14,2,10.14913815850195,38.14913815850195,Restock
R0189,0.85,114.75,14,3,12.43010490866994,54.43010490866994,Restock
R0190,0.85,283.05,16,6,17.57882294356141,113.5788229435614,Restock
R0191,0.95,109.25,17,4,14.353048830151756,82.35304883015175,Restock
R0192,0.95,208.04999999999998,7,5,16.04719643429658,51.04719643429658,Restock
R0193,0.95,89.3,19,6,17.57882294356141,131.57882294356142,Restock
R0194,0.7,77.69999999999999,11,4,14.353048830151756,58.35304883015176,Do Not Restock
R0195,0.7,343.0,5,4,14.353048830151756,34.35304883015176,Do Not Restock
R0196,0.7,128.1,8,2,10.14913815850195,26.14913815850195,Do Not Restock
R0197,0.4,133.20000000000002,17,3,12.43010490866994,63.43010490866994,Do Not Restock
R0198,0.85,65.45,8,3,12.43010490866994,36.43010490866994,Restock
R0199,0.9,141.3,18,6,17.57882294356141,125.5788229435614,Restock
R0200,0.4,37.2,9,3,12.43010490866994,39.43010490866994,Do Not Restock
R0201,0.85,330.65,11,5,16.04719643429658,71.04719643429658,Restock
R0202,0.85,284.75,11,3,12.43010490866994,45.43010490866994,Restock
R0203,0.95,470.25,17,6,17.57882294356141,119.5788229435614,Restock
R0204,0.95,361.0,19,3,12.43010490866994,69.43010490866993,Restock
R0205,0.4,70.8,15,5,16.04719643429658,91.04719643429658,Do Not Restock
R0206,0.95,377.15,17,2,10.14913815850195,44.14913815850195,Restock
R0207,0.85,238.0,8,6,17.57882294356141,65.5788229435614,Restock
R0208,0.95,227.04999999999998,17,2,10.14913815850195,44.14913815850195,Restock
R0209,0.7,191.79999999999998,11,2,10.14913815850195,32.14913815850195,Do Not Restock
R0210,0.95,412.29999999999995,15,2,10.14913815850195,40.14913815850195,Restock
R0211,0.85,362.09999999999997,7,4,14.353048830151756,42.35304883015176,Restock
R0212,0.4,132.8,10,4,14.353048830151756,54.35304883015176,Do Not Restock
R0213,0.9,445.5,16,2,10.14913815850195,42.14913815850195,Restock
R0214,0.95,161.5,6,6,17.57882294356141,53.578822943561406,Restock
R0215,0.85,140.25,14,5,16.04719643429658,86.04719643429658,Restock
R0216,0.9,253.8,17,5,16.04719643429658,101.04719643429658,Restock
R0217,0.9,277.2,18,3,12.43010490866994,66.43010490866993,Restock
R0218,0.7,285.59999999999997,13,6,17.57882294356141,95.5788229435614,Do Not Restock
R0219,0.9,222.3,9,4,14.353048830151756,50.35304883015176,Restock
R0220,0.85,391.0,10,2,10.14913815850195,30.14913815850195,Restock
R0221,0.85,158.1,16,3,12.43010490866994,60.43010490866994,Restock
R0222,0.95,348.65,16,5,16.04719643429658,96.04719643429658,Restock
R0223,0.95,203.29999999999998,16,4,14.353048830151756,78.35304883015175,Restock
R0224,0.95,260.3,16,4,14.353048830151756,78.35304883015175,Restock
R0225,0.9,320.40000000000003,8,2,10.14913815850195,26.14913815850195,Restock
R0226,0.9,254.70000000000002,18,5,16.04719643429658,106.04719643429658,Restock
R0227,0.7,154.7,18,6,17.57882294356141,125.5788229435614,Do Not Restock
R0228,0.95,190.95,15,4,14.353048830151756,74.35304883015175,Restock
R0229,0.4,145.6,14,2,10.14913815850195,38.14913815850195,Do Not Restock
R0230,0.7,296.09999999999997,11,6,17.57882294356141,83.5788229435614,Do Not Restock
R0231,0.4,83.60000000000001,16,5,16.04719643429658,96.04719643429658,Do Not Restock
R0232,0.9,130.5,13,4,14.353048830151756,66.35304883015175,Restock
R0233,0.7,197.39999999999998,11,6,17.57882294356141,83.5788229435614,Do Not Restock
R0234,0.7,160.29999999999998,18,6,17.57882294356141,125.5788229435614,Do Not Restock
R0235,0.85,137.7,5,6,17.57882294356141,47.578822943561406,Restock
R0236,0.9,330.3,5,4,14.353048830151756,34.35304883015176,Restock
R0237,0.9,441.90000000000003,13,4,14.353048830151756,66.35304883015175,Restock
R0238,0.7,70.69999999999999,15,3,12.43010490866994,57.43010490866994,Do Not Restock
R0239,0.9,285.3,18,5,16.04719643429658,106.04719643429658,Restock
R0240,0.7,240.79999999999998,13,2,10.14913815850195,36.14913815850195,Do Not Restock
R0241,0.85,369.75,8,6,17.57882294356141,65.5788229435614,Restock
R0242,0.7,305.2,17,3,12.43010490866994,63.43010490866994,Do Not Restock
R0243,0.9,145.8,13,2,10.14913815850195,36.14913815850195,Restock
R0244,0.9,135.0,7,3,12.43010490866994,33.43010490866994,Restock
R0245,0.7,113.39999999999999,11,4,14.353048830151756,58.35304883015176,Do Not Restock
R0246,0.7,342.29999999999995,10,6,17.57882294356141,77.5788229435614,Do Not Restock
R0247,0.7,91.0,12,2,10.14913815850195,34.14913815850195,Do Not Restock
R0248,0.95,224.2,15,2,10.14913815850195,40.14913815850195,Restock
R0249,0.9,145.8,13,2,10.14913815850195,36.14913815850195,Restock
R0250,0.9,45.9,18,2,10.14913815850195,46.14913815850195,Restock
R0251,0.95,170.04999999999998,9,2,10.14913815850195,28.14913815850195,Restock
R0252,0.7,188.29999999999998,5,3,12.43010490866994,27.43010490866994,Do Not Restock
R0253,0.85,87.55,7,6,17.57882294356141,59.578822943561406,Restock
R0254,0.7,274.4,14,4,14.353048830151756,70.35304883015175,Do Not Restock
R0255,0.7,191.1,16,4,14.353048830151756,78.35304883015175,Do Not Restock
R0256,0.95,260.3,12,4,14.353048830151756,62.35304883015176,Restock
R0257,0.9,390.6,19,4,14.353048830151756,90.35304883015175,Restock
R0258,0.7,316.4,15,3,12.43010490866994,57.43010490866994,Do Not Restock
R0259,0.9,157.5,10,5,16.04719643429658,66.04719643429658,Restock
R0260,0.4,71.60000000000001,12,6,17.57882294356141,89.5788229435614,Do Not Restock
R0261,0.9,91.8,13,2,10.14913815850195,36.14913815850195,Restock
R0262,0.85,187.85,8,5,16.04719643429658,56.04719643429658,Restock
R0263,0.85,226.95,5,4,14.353048830151756,34.35304883015176,Restock
R0264,0.7,146.29999999999998,18,5,16.04719643429658,106.04719643429658,Do Not Restock
R0265,0.9,222.3,5,6,17.57882294356141,47.578822943561406,Restock
R0266,0.7,325.5,14,2,10.14913815850195,38.14913815850195,Do Not Restock
R0267,0.95,281.2,8,2,10.14913815850195,26.14913815850195,Restock
R0268,0.85,317.05,16,6,17.57882294356141,113.5788229435614,Restock
R0269,0.7,341.59999999999997,18,6,17.57882294356141,125.5788229435614,Do Not Restock
R0270,0.95,239.39999999999998,11,4,14.353048830151756,58.35304883015176,Restock
R0271,0.7,163.1,6,2,10.14913815850195,22.14913815850195,Do Not Restock
R0272,0.9,154.8,7,5,16.04719643429658,51.04719643429658,Restock
R0273,0.9,405.0,5,3,12.43010490866994,27.43010490866994,Restock
R0274,0.9,273.6,9,3,12.43010490866994,39.43010490866994,Restock
R0275,0.9,308.7,5,6,17.57882294356141,47.578822943561406,Restock
R0276,0.4,131.6,12,4,14.353048830151756,62.35304883015176,Do Not Restock
R0277,0.95,355.3,5,3,12.43010490866994,27.43010490866994,Restock
R0278,0.95,399.95,15,2,10.14913815850195,40.14913815850195,Restock
R0279,0.9,132.3,5,6,17.57882294356141,47.578822943561406,Restock
R0280,0.4,98.80000000000001,6,5,16.04719643429658,46.04719643429658,Do Not Restock
R0281,0.9,399.6,6,6,17.57882294356141,53.578822943561406,Restock
R0282,0.4,115.60000000000001,16,5,16.04719643429658,96.04719643429658,Do Not Restock
R0283,0.9,173.70000000000002,10,6,17.57882294356141,77.5788229435614,Restock
R0284,0.85,124.1,11,6,17.57882294356141,83.5788229435614,Restock
R0285,0.85,212.5,9,6,17.57882294356141,71.5788229435614,Restock
R0286,0.7,121.1,5,5,16.04719643429658,41.04719643429658,Do Not Restock
R0287,0.9,212.4,5,5,16.04719643429658,41.04719643429658,Restock
R0288,0.95,356.25,7,6,17.57882294356141,59.578822943561406,Restock
R0289,0.7,278.59999999999997,18,3,12.43010490866994,66.43010490866993,Do Not Restock
R0290,0.85,261.8,6,4,14.353048830151756,38.35304883015176,Restock
R0291,0.9,177.3,9,4,14.353048830151756,50.35304883015176,Restock
R0292,0.7,210.7,16,4,14.353048830151756,78.35304883015175,Do Not Restock
R0293,0.9,442.8,14,5,16.04719643429658,86.04719643429658,Restock
R0294,0.85,398.65,10,5,16.04719643429658,66.04719643429658,Restock
R0295,0.7,316.4,11,3,12.43010490866994,45.43010490866994,Do Not Restock
R0296,0.85,335.75,8,4,14.353048830151756,46.35304883015176,Restock
R0297,0.4,78.4,11,4,14.353048830151756,58.35304883015176,Do Not Restock
R0298,0.85,167.45,15,6,17.57882294356141,107.5788229435614,Restock
R0299,0.9,360.90000000000003,12,5,16.04719643429658,76.04719643429658,Restock
R0300,0.95,235.6,15,4,14.353048830151756,74.35304883015175,Restock
R0301,0.85,303.45,5,3,12.43010490866994,27.43010490866994,Restock
R0302,0.95,442.7,19,3,12.43010490866994,69.43010490866993,Restock
R0303,0.4,189.20000000000002,10,4,14.353048830151756,54.35304883015176,Do Not Restock
R0304,0.7,123.89999999999999,12,5,16.04719643429658,76.04719643429658,Do Not Restock
R0305,0.7,61.599999999999994,9,3,12.43010490866994,39.43010490866994,Do Not Restock
R0306,0.95,367.65,8,6,17.57882294356141,65.5788229435614,Restock
R0307,0.7,286.29999999999995,6,3,12.43010490866994,30.43010490866994,Do Not Restock
R0308,0.85,151.29999999999998,10,2,10.14913815850195,30.14913815850195,Restock
R0309,0.95,300.2,10,2,10.14913815850195,30.14913815850195,Restock
R0310,0.9,441.0,15,5,16.04719643429658,91.04719643429658,Restock
R0311,0.85,410.55,19,4,14.353048830151756,90.35304883015175,Restock
R0312,0.85,170.0,5,5,16.04719643429658,41.04719643429658,Restock
R0313,0.85,394.4,13,5,16.04719643429658,81.04719643429658,Restock
R0314,0.9,312.3,16,5,16.04719643429658,96.04719643429658,Restock
R0315,0.4,59.2,15,5,16.04719643429658,91.04719643429658,Do Not Restock
R0316,0.7,218.39999999999998,10,6,17.57882294356141,77.5788229435614,Do Not Restock
R0317,0.95,285.95,17,6,17.57882294356141,119.5788229435614,Restock
R0318,0.4,77.2,7,3,12.43010490866994,33.43010490866994,Do Not Restock
R0319,0.95,375.25,8,2,10.14913815850195,26.14913815850195,Restock
R0320,0.7,112.69999999999999,16,5,16.04719643429658,96.04719643429658,Do Not Restock
R0321,0.9,98.10000000000001,15,3,12.43010490866994,57.43010490866994,Restock
R0322,0.85,355.3,8,2,10.14913815850195,26.14913815850195,Restock
R0323,0.85,43.35,7,4,14.353048830151756,42.35304883015176,Restock
R0324,0.9,390.6,14,6,17.57882294356141,101.5788229435614,Restock
R0325,0.4,141.20000000000002,7,2,10.14913815850195,24.14913815850195,Do Not Restock
R0326,0.4,121.2,19,4,14.353048830151756,90.35304883015175,Do Not Restock
R0327,0.95,179.54999999999998,7,2,10.14913815850195,24.14913815850195,Restock
R0328,0.9,77.4,8,6,17.57882294356141,65.5788229435614,Restock
R0329,0.4,83.60000000000001,11,6,17.57882294356141,83.5788229435614,Do Not Restock
R0330,0.9,52.2,8,3,12.43010490866994,36.43010490866994,Restock
R0331,0.7,197.39999999999998,13,5,16.04719643429658,81.04719643429658,Do Not Restock
R0332,0.85,125.8,5,2,10.14913815850195,20.14913815850195,Restock
R0333,0.85,166.6,12,2,10.14913815850195,34.14913815850195,Restock
R0334,0.85,300.05,11,4,14.353048830151756,58.35304883015176,Restock
R0335,0.9,231.3,6,6,17.57882294356141,53.578822943561406,Restock
R0336,0.9,162.0,12,2,10.14913815850195,34.14913815850195,Restock
R0337,0.95,430.34999999999997,5,6,17.57882294356141,47.578822943561406,Restock
R0338,0.85,170.85,15,2,10.14913815850195,40.14913815850195,Restock
R0339,0.95,97.85,16,3,12.43010490866994,60.43010490866994,Restock
R0340,0.85,143.65,13,5,16.04719643429658,81.04719643429658,Restock
R0341,0.95,199.5,13,2,10.14913815850195,36.14913815850195,Restock
R0342,0.95,434.15,6,6,17.57882294356141,53.578822943561406,Restock
R0343,0.7,115.49999999999999,11,3,12.43010490866994,45.43010490866994,Do Not Restock
R0344,0.95,117.8,19,2,10.14913815850195,48.14913815850195,Restock
R0345,0.9,145.8,18,4,14.353048830151756,86.35304883015175,Restock
R0346,0.95,445.54999999999995,14,5,16.04719643429658,86.04719643429658,Restock
R0347,0.85,400.34999999999997,7,2,10.14913815850195,24.14913815850195,Restock
R0348,0.95,145.35,11,3,12.43010490866994,45.43010490866994,Restock
R0349,0.4,155.60000000000002,16,4,14.353048830151756,78.35304883015175,Do Not Restock
R0350,0.85,257.55,14,3,12.43010490866994,54.43010490866994,Restock
R0351,0.4,110.4,13,3,12.43010490866994,51.43010490866994,Do Not Restock
R0352,0.85,136.85,8,4,14.353048830151756,46.35304883015176,Restock
R0353,0.9,133.20000000000002,16,3,12.43010490866994,60.43010490866994,Restock
R0354,0.9,181.8,5,4,14.353048830151756,34.35304883015176,Restock
R0355,0.9,358.2,6,2,10.14913815850195,22.14913815850195,Restock
R0356,0.4,180.4,5,4,14.353048830151756,34.35304883015176,Do Not Restock
R0357,0.7,303.09999999999997,18,4,14.353048830151756,86.35304883015175,Do Not Restock
R0358,0.85,352.75,16,5,16.04719643429658,96.04719643429658,Restock
R0359,0.9,348.3,9,4,14.353048830151756,50.35304883015176,Restock
R0360,0.85,206.54999999999998,9,4,14.353048830151756,50.35304883015176,Restock
R0361,0.4,143.6,15,2,10.14913815850195,40.14913815850195,Do Not Restock
R0362,0.7,148.39999999999998,11,5,16.04719643429658,71.04719643429658,Do Not Restock
R0363,0.4,102.80000000000001,13,6,17.57882294356141,95.5788229435614,Do Not Restock
R0364,0.85,419.9,13,2,10.14913815850195,36.14913815850195,Restock
R0365,0.7,152.6,7,2,10.14913815850195,24.14913815850195,Do Not Restock
R0366,0.7,147.0,7,6,17.57882294356141,59.578822943561406,Do Not Restock
R0367,0.4,46.800000000000004,7,4,14.353048830151756,42.35304883015176,Do Not Restock
R0368,0.9,304.2,8,3,12.43010490866994,36.43010490866994,Restock
R0369,0.85,379.95,12,5,16.04719643429658,76.04719643429658,Restock
R0370,0.95,309.7,10,3,12.43010490866994,42.43010490866994,Restock
R0371,0.95,335.34999999999997,12,6,17.57882294356141,89.5788229435614,Restock
R0372,0.4,181.20000000000002,5,2,10.14913815850195,20.14913815850195,Do Not Restock
R0373,0.85,368.05,12,2,10.14913815850195,34.14913815850195,Restock
R0374,0.85,374.84999999999997,8,5,16.04719643429658,56.04719643429658,Restock
R0375,0.4,73.60000000000001,15,2,10.14913815850195,40.14913815850195,Do Not Restock
R0376,0.85,207.4,5,2,10.14913815850195,20.14913815850195,Restock
R0377,0.9,405.0,12,5,16.04719643429658,76.04719643429658,Restock
R0378,0.4,70.8,8,5,16.04719643429658,56.04719643429658,Do Not Restock
R0379,0.9,73.8,10,6,17.57882294356141,77.5788229435614,Restock
R0380,0.85,191.25,12,2,10.14913815850195,34.14913815850195,Restock
R0381,0.4,196.8,8,2,10.14913815850195,26.14913815850195,Do Not Restock
R0382,0.85,357.0,18,6,17.57882294356141,125.5788229435614,Restock
R0383,0.4,169.60000000000002,7,4,14.353048830151756,42.35304883015176,Do Not Restock
R0384,0.85,60.35,18,4,14.353048830151756,86.35304883015175,Restock
R0385,0.9,258.3,13,4,14.353048830151756,66.35304883015175,Restock
R0386,0.9,186.3,7,6,17.57882294356141,59.578822943561406,Restock
R0387,0.85,73.95,13,2,10.14913815850195,36.14913815850195,Restock
R0388,0.4,111.60000000000001,17,6,17.57882294356141,119.5788229435614,Do Not Restock
R0389,0.95,393.29999999999995,6,6,17.57882294356141,53.578822943561406,Restock
R0390,0.9,90.0,18,4,14.353048830151756,86.35304883015175,Restock
R0391,0.9,438.3,6,3,12.43010490866994,30.43010490866994,Restock
R0392,0.95,297.34999999999997,6,2,10.14913815850195,22.14913815850195,Restock
R0393,0.85,282.2,10,4,14.353048830151756,54.35304883015176,Restock
R0394,0.4,30.400000000000002,7,3,12.43010490866994,33.43010490866994,Do Not Restock
R0395,0.85,233.75,17,3,12.43010490866994,63.43010490866994,Restock
R0396,0.7,228.2,13,5,16.04719643429658,81.04719643429658,Do Not Restock
R0397,0.9,301.5,8,2,10.14913815850195,26.14913815850195,Restock
R0398,0.7,102.19999999999999,5,3,12.43010490866994,27.43010490866994,Do Not Restock
R0399,0.9,299.7,8,4,14.353048830151756,46.35304883015176,Restock
R0400,0.9,374.40000000000003,5,5,16.04719643429658,41.04719643429658,Restock
R0401,0.7,347.9,18,2,10.14913815850195,46.14913815850195,Do Not Restock
R0402,0.7,256.2,9,6,17.57882294356141,71.5788229435614,Do Not Restock
R0403,0.85,300.05,8,4,14.353048830151756,46.35304883015176,Restock
R0404,0.7,137.2,12,3,12.43010490866994,48.43010490866994,Do Not Restock
R0405,0.85,45.05,12,3,12.43010490866994,48.43010490866994,Restock
R0406,0.85,71.39999999999999,11,4,14.353048830151756,58.35304883015176,Restock
R0407,0.85,204.85,7,3,12.43010490866994,33.43010490866994,Restock
R0408,0.9,88.2,5,5,16.04719643429658,41.04719643429658,Restock
R0409,0.9,59.4,5,2,10.14913815850195,20.14913815850195,Restock
R0410,0.7,154.7,16,5,16.04719643429658,96.04719643429658,Do Not Restock
R0411,0.9,242.1,15,3,12.43010490866994,57.43010490866994,Restock
R0412,0.7,144.89999999999998,7,6,17.57882294356141,59.578822943561406,Do Not Restock
R0413,0.9,85.5,10,2,10.14913815850195,30.14913815850195,Restock
R0414,0.4,168.8,11,2,10.14913815850195,32.14913815850195,Do Not Restock
R0415,0.4,22.0,10,4,14.353048830151756,54.35304883015176,Do Not Restock
R0416,0.7,103.6,18,4,14.353048830151756,86.35304883015175,Do Not Restock
R0417,0.9,386.1,18,6,17.57882294356141,125.5788229435614,Restock
R0418,0.9,253.8,10,2,10.14913815850195,30.14913815850195,Restock
R0419,0.85,73.1,10,6,17.57882294356141,77.5788229435614,Restock
R0420,0.95,312.55,17,4,14.353048830151756,82.35304883015175,Restock
R0421,0.7,278.59999999999997,7,4,14.353048830151756,42.35304883015176,Do Not Restock
R0422,0.95,333.45,10,2,10.14913815850195,30.14913815850195,Restock
R0423,0.95,218.5,12,5,16.04719643429658,76.04719643429658,Restock
R0424,0.7,100.8,15,3,12.43010490866994,57.43010490866994,Do Not Restock
R0425,0.9,133.20000000000002,15,4,14.353048830151756,74.35304883015175,Restock
R0426,0.7,165.89999999999998,6,4,14.353048830151756,38.35304883015176,Do Not Restock
R0427,0.95,156.75,9,5,16.04719643429658,61.04719643429658,Restock
R0428,0.9,216.0,18,5,16.04719643429658,106.04719643429658,Restock
R0429,0.4,120.80000000000001,5,6,17.57882294356141,47.578822943561406,Do Not Restock
R0430,0.7,325.5,16,6,17.57882294356141,113.5788229435614,Do Not Restock
R0431,0.7,147.0,19,3,12.43010490866994,69.43010490866993,Do Not Restock
R0432,0.9,274.5,5,3,12.43010490866994,27.43010490866994,Restock
R0433,0.4,148.8,9,2,10.14913815850195,28.14913815850195,Do Not Restock
R0434,0.4,70.8,16,6,17.57882294356141,113.5788229435614,Do Not Restock
R0435,0.9,60.300000000000004,17,4,14.353048830151756,82.35304883015175,Restock
R0436,0.85,280.5,7,6,17.57882294356141,59.578822943561406,Restock
R0437,0.7,190.39999999999998,8,4,14.353048830151756,46.35304883015176,Do Not Restock
R0438,0.7,72.1,7,5,16.04719643429658,51.04719643429658,Do Not Restock
R0439,0.95,101.64999999999999,5,6,17.57882294356141,47.578822943561406,Restock
R0440,0.9,334.8,5,5,16.04719643429658,41.04719643429658,Restock
R0441,0.95,388.54999999999995,16,3,12.43010490866994,60.43010490866994,Restock
R0442,0.95,211.85,16,3,12.43010490866994,60.43010490866994,Restock
R0443,0.4,131.6,18,2,10.14913815850195,46.14913815850195,Do Not Restock
R0444,0.7,114.1,17,6,17.57882294356141,119.5788229435614,Do Not Restock
R0445,0.95,320.15,18,5,16.04719643429658,106.04719643429658,Restock
R0446,0.4,192.0,9,4,14.353048830151756,50.35304883015176,Do Not Restock
R0447,0.9,351.90000000000003,10,3,12.43010490866994,42.43010490866994,Restock
R0448,0.95,190.0,7,3,12.43010490866994,33.43010490866994,Restock
R0449,0.7,349.29999999999995,16,4,14.353048830151756,78.35304883015175,Do Not Restock
R0450,0.95,167.2,13,5,16.04719643429658,81.04719643429658,Restock
R0451,0.9,183.6,9,5,16.04719643429658,61.04719643429658,Restock
R0452,0.95,413.25,12,6,17.57882294356141,89.5788229435614,Restock
R0453,0.7,225.39999999999998,17,6,17.57882294356141,119.5788229435614,Do Not Restock
R0454,0.4,61.2,5,2,10.14913815850195,20.14913815850195,Do Not Restock
R0455,0.7,326.2,18,3,12.43010490866994,66.43010490866993,Do Not Restock
R0456,0.4,176.8,9,6,17.57882294356141,71.5788229435614,Do Not Restock
R0457,0.85,295.8,19,5,16.04719643429658,111.04719643429658,Restock
R0458,0.7,206.5,7,4,14.353048830151756,42.35304883015176,Do Not Restock
R0459,0.7,157.5,16,5,16.04719643429658,96.04719643429658,Do Not Restock
R0460,0.9,79.2,5,3,12.43010490866994,27.43010490866994,Restock
R0461,0.95,208.04999999999998,8,5,16.04719643429658,56.04719643429658,Restock
R0462,0.4,118.4,19,2,10.14913815850195,48.14913815850195,Do Not Restock
R0463,0.4,30.0,17,3,12.43010490866994,63.43010490866994,Do Not Restock
R0464,0.9,363.6,9,4,14.353048830151756,50.35304883015176,Restock
R0465,0.9,319.5,11,2,10.14913815850195,32.14913815850195,Restock
R0466,0.95,435.09999999999997,5,3,12.43010490866994,27.43010490866994,Restock
R0467,0.95,434.15,7,4,14.353048830151756,42.35304883015176,Restock
R0468,0.7,43.4,6,2,10.14913815850195,22.14913815850195,Do Not Restock
R0469,0.85,310.25,13,2,10.14913815850195,36.14913815850195,Restock
R0470,0.95,418.0,14,3,12.43010490866994,54.43010490866994,Restock
R0471,0.9,325.8,19,6,17.57882294356141,131.57882294356142,Restock
R0472,0.95,80.75,10,2,10.14913815850195,30.14913815850195,Restock
R0473,0.4,88.80000000000001,14,2,10.14913815850195,38.14913815850195,Do Not Restock
R0474,0.85,58.65,7,4,14.353048830151756,42.35304883015176,Restock
R0475,0.7,259.0,12,5,16.04719643429658,76.04719643429658,Do Not Restock
R0476,0.4,125.2,18,3,12.43010490866994,66.43010490866993,Do Not Restock
R0477,0.4,179.60000000000002,12,3,12.43010490866994,48.43010490866994,Do Not Restock
R0478,0.85,162.35,6,6,17.57882294356141,53.578822943561406,Restock
R0479,0.7,294.0,19,6,17.57882294356141,131.57882294356142,Do Not Restock
R0480,0.9,172.8,10,3,12.43010490866994,42.43010490866994,Restock
R0481,0.7,98.69999999999999,11,6,17.57882294356141,83.5788229435614,Do Not Restock
R0482,0.95,382.84999999999997,6,4,14.353048830151756,38.35304883015176,Restock
R0483,0.4,148.4,19,3,12.43010490866994,69.43010490866993,Do Not Restock
R0484,0.95,320.15,15,6,17.57882294356141,107.5788229435614,Restock
R0485,0.9,237.6,14,3,12.43010490866994,54.43010490866994,Restock
R0486,0.95,471.2,6,5,16.04719643429658,46.04719643429658,Restock
R0487,0.7,273.7,14,2,10.14913815850195,38.14913815850195,Do Not Restock
R0488,0.95,95.0,5,3,12.43010490866994,27.43010490866994,Restock
R0489,0.9,181.8,12,2,10.14913815850195,34.14913815850195,Restock
R0490,0.9,211.5,5,6,17.57882294356141,47.578822943561406,Restock
R0491,0.9,100.8,13,2,10.14913815850195,36.14913815850195,Restock
R0492,0.7,167.29999999999998,15,3,12.43010490866994,57.43010490866994,Do Not Restock
R0493,0.9,156.6,10,5,16.04719643429658,66.04719643429658,Restock
R0494,0.4,79.60000000000001,11,6,17.57882294356141,83.5788229435614,Do Not Restock
R0495,0.9,326.7,17,3,12.43010490866994,63.43010490866994,Restock
R0496,0.95,101.64999999999999,14,6,17.57882294356141,101.5788229435614,Restock
R0497,0.95,371.45,11,4,14.353048830151756,58.35304883015176,Restock
R0498,0.95,336.3,14,2,10.14913815850195,38.14913815850195,Restock
R0499,0.7,160.29999999999998,7,4,14.353048830151756,42.35304883015176,Do Not Restock
R0500,0.95,208.04999999999998,6,3,12.43010490866994,30.43010490866994,Restock
R0501,0.7,262.5,13,5,16.04719643429658,81.04719643429658,Do Not Restock
R0502,0.7,224.0,12,6,17.57882294356141,89.5788229435614,Do Not Restock
R0503,0.9,92.7,17,2,10.14913815850195,44.14913815850195,Restock
R0504,0.4,197.20000000000002,16,6,17.57882294356141,113.5788229435614,Do Not Restock
R0505,0.9,135.0,14,3,12.43010490866994,54.43010490866994,Restock
R0506,0.9,281.7,11,6,17.57882294356141,83.5788229435614,Restock
R0507,0.7,71.39999999999999,13,2,10.14913815850195,36.14913815850195,Do Not Restock
R0508,0.7,76.3,8,3,12.43010490866994,36.43010490866994,Do Not Restock
R0509,0.95,149.15,17,6,17.57882294356141,119.5788229435614,Restock
R0510,0.95,51.3,8,5,16.04719643429658,56.04719643429658,Restock
R0511,0.9,136.8,5,3,12.43010490866994,27.43010490866994,Restock
R0512,0.85,208.25,12,3,12.43010490866994,48.43010490866994,Restock
R0513,0.85,264.34999999999997,18,5,16.04719643429658,106.04719643429658,Restock
R0514,0.95,393.29999999999995,18,4,14.353048830151756,86.35304883015175,Restock
R0515,0.85,357.84999999999997,16,2,10.14913815850195,42.14913815850195,Restock
R0516,0.95,379.04999999999995,7,4,14.353048830151756,42.35304883015176,Restock
R0517,0.7,67.19999999999999,11,6,17.57882294356141,83.5788229435614,Do Not Restock
R0518,0.9,363.6,19,5,16.04719643429658,111.04719643429658,Restock
R0519,0.4,144.0,16,4,14.353048830151756,78.35304883015175,Do Not Restock
R0520,0.9,425.7,6,3,12.43010490866994,30.43010490866994,Restock
R0521,0.95,339.15,6,6,17.57882294356141,53.578822943561406,Restock
R0522,0.95,183.35,11,6,17.57882294356141,83.5788229435614,Restock
R0523,0.9,286.2,19,4,14.353048830151756,90.35304883015175,Restock
R0524,0.95,398.04999999999995,10,4,14.353048830151756,54.35304883015176,Restock
R0525,0.85,147.04999999999998,7,5,16.04719643429658,51.04719643429658,Restock
R0526,0.85,131.75,13,2,10.14913815850195,36.14913815850195,Restock
R0527,0.95,196.64999999999998,14,4,14.353048830151756,70.35304883015175,Restock
R0528,0.95,186.2,19,4,14.353048830151756,90.35304883015175,Restock
R0529,0.85,164.9,18,3,12.43010490866994,66.43010490866993,Restock
R0530,0.95,160.54999999999998,17,6,17.57882294356141,119.5788229435614,Restock
R0531,0.95,349.59999999999997,10,2,10.14913815850195,30.14913815850195,Restock
R0532,0.9,291.6,14,3,12.43010490866994,54.43010490866994,Restock
R0533,0.4,56.400000000000006,14,5,16.04719643429658,86.04719643429658,Do Not Restock
R0534,0.85,90.95,10,5,16.04719643429658,66.04719643429658,Restock
R0535,0.9,439.2,5,4,14.353048830151756,34.35304883015176,Restock
R0536,0.4,158.0,8,4,14.353048830151756,46.35304883015176,Do Not Restock
R0537,0.95,264.09999999999997,14,5,16.04719643429658,86.04719643429658,Restock
R0538,0.95,157.7,10,4,14.353048830151756,54.35304883015176,Restock
R0539,0.9,330.3,19,2,10.14913815850195,48.14913815850195,Restock
R0540,0.95,311.59999999999997,10,4,14.353048830151756,54.35304883015176,Restock
R0541,0.7,123.19999999999999,15,6,17.57882294356141,107.5788229435614,Do Not Restock
R0542,0.9,397.8,16,4,14.353048830151756,78.35304883015175,Restock
R0543,0.4,178.0,9,3,12.43010490866994,39.43010490866994,Do Not Restock
R0544,0.9,160.20000000000002,5,2,10.14913815850195,20.14913815850195,Restock
R0545,0.85,90.95,12,3,12.43010490866994,48.43010490866994,Restock
R0546,0.9,153.9,9,3,12.43010490866994,39.43010490866994,Restock
R0547,0.95,47.5,16,6,17.57882294356141,113.5788229435614,Restock
R0548,0.95,273.59999999999997,16,2,10.14913815850195,42.14913815850195,Restock
R0549,0.7,237.29999999999998,16,2,10.14913815850195,42.14913815850195,Do Not Restock
R0550,0.7,101.5,9,2,10.14913815850195,28.14913815850195,Do Not Restock
R0551,0.7,122.49999999999999,11,2,10.14913815850195,32.14913815850195,Do Not Restock
R0552,0.4,66.8,8,2,10.14913815850195,26.14913815850195,Do Not Restock
R0553,0.7,67.89999999999999,10,6,17.57882294356141,77.5788229435614,Do Not Restock
R0554,0.4,55.2,17,4,14.353048830151756,82.35304883015175,Do Not Restock
R0555,0.7,200.2,8,3,12.43010490866994,36.43010490866994,Do Not Restock
R0556,0.4,168.8,18,2,10.14913815850195,46.14913815850195,Do Not Restock
R0557,0.9,390.6,19,4,14.353048830151756,90.35304883015175,Restock
R0558,0.9,288.90000000000003,7,4,14.353048830151756,42.35304883015176,Restock
R0559,0.95,226.1,11,3,12.43010490866994,45.43010490866994,Restock
R0560,0.4,96.4,12,6,17.57882294356141,89.5788229435614,Do Not Restock
R0561,0.85,421.59999999999997,8,5,16.04719643429658,56.04719643429658,Restock
R0562,0.95,112.1,17,5,16.04719643429658,101.04719643429658,Restock
R0563,0.9,294.3,6,4,14.353048830151756,38.35304883015176,Restock
R0564,0.4,159.20000000000002,16,3,12.43010490866994,60.43010490866994,Do Not Restock
R0565,0.7,207.2,14,5,16.04719643429658,86.04719643429658,Do Not Restock
R0566,0.85,106.25,18,4,14.353048830151756,86.35304883015175,Restock
R0567,0.9,182.70000000000002,7,6,17.57882294356141,59.578822943561406,Restock
R0568,0.95,183.35,5,5,16.04719643429658,41.04719643429658,Restock
R0569,0.4,193.60000000000002,12,4,14.353048830151756,62.35304883015176,Do Not Restock
R0570,0.85,114.75,19,4,14.353048830151756,90.35304883015175,Restock
R0571,0.4,93.60000000000001,7,2,10.14913815850195,24.14913815850195,Do Not Restock
R0572,0.7,233.79999999999998,16,6,17.57882294356141,113.5788229435614,Do Not Restock
R0573,0.95,255.54999999999998,14,2,10.14913815850195,38.14913815850195,Restock
R0574,0.4,47.2,11,3,12.43010490866994,45.43010490866994,Do Not Restock
R0575,0.9,86.4,14,2,10.14913815850195,38.14913815850195,Restock
R0576,0.95,135.85,9,2,10.14913815850195,28.14913815850195,Restock
R0577,0.9,258.3,14,5,16.04719643429658,86.04719643429658,Restock
R0578,0.4,198.0,9,4,14.353048830151756,50.35304883015176,Do Not Restock
R0579,0.95,240.35,18,6,17.57882294356141,125.5788229435614,Restock
R0580,0.9,404.1,11,2,10.14913815850195,32.14913815850195,Restock
R0581,0.7,186.89999999999998,19,6,17.57882294356141,131.57882294356142,Do Not Restock
R0582,0.7,336.7,13,2,10.14913815850195,36.14913815850195,Do Not Restock
R0583,0.4,156.0,16,3,12.43010490866994,60.43010490866994,Do Not Restock
R0584,0.95,83.6,9,2,10.14913815850195,28.14913815850195,Restock
R0585,0.85,126.64999999999999,5,5,16.04719643429658,41.04719643429658,Restock
R0586,0.95,321.09999999999997,14,4,14.353048830151756,70.35304883015175,Restock
R0587,0.7,212.1,14,3,12.43010490866994,54.43010490866994,Do Not Restock
R0588,0.9,243.9,5,2,10.14913815850195,20.14913815850195,Restock
R0589,0.85,345.09999999999997,19,6,17.57882294356141,131.57882294356142,Restock
R0590,0.4,28.8,6,3,12.43010490866994,30.43010490866994,Do Not Restock
R0591,0.85,254.15,18,3,12.43010490866994,66.43010490866993,Restock
R0592,0.4,23.6,10,2,10.14913815850195,30.14913815850195,Do Not Restock
R0593,0.85,250.75,13,3,12.43010490866994,51.43010490866994,Restock
R0594,0.4,149.6,12,6,17.57882294356141,89.5788229435614,Do Not Restock
R0595,0.4,59.6,17,3,12.43010490866994,63.43010490866994,Do Not Restock
R0596,0.85,288.15,9,6,17.57882294356141,71.5788229435614,Restock
R0597,0.85,194.65,5,2,10.14913815850195,20.14913815850195,Restock
R0598,0.4,108.80000000000001,17,4,14.353048830151756,82.35304883015175,Do Not Restock
R0599,0.7,310.09999999999997,11,3,12.43010490866994,45.43010490866994,Do Not Restock
R0600,0.85,254.15,19,4,14.353048830151756,90.35304883015175,Restock
R0601,0.95,186.2,9,6,17.57882294356141,71.5788229435614,Restock
R0602,0.9,441.90000000000003,10,3,12.43010490866994,42.43010490866994,Restock
R0603,0.4,58.0,17,5,16.04719643429658,101.04719643429658,Do Not Restock
R0604,0.4,122.4,11,4,14.353048830151756,58.35304883015176,Do Not Restock
R0605,0.9,336.6,7,3,12.43010490866994,33.43010490866994,Restock
R0606,0.7,37.099999999999994,16,4,14.353048830151756,78.35304883015175,Do Not Restock
R0607,0.9,58.5,14,3,12.43010490866994,54.43010490866994,Restock
R0608,0.85,279.65,7,2,10.14913815850195,24.14913815850195,Restock
R0609,0.9,346.5,9,4,14.353048830151756,50.35304883015176,Restock
R0610,0.4,118.4,10,5,16.04719643429658,66.04719643429658,Do Not Restock
R0611,0.9,276.3,13,5,16.04719643429658,81.04719643429658,Restock
R0612,0.95,411.34999999999997,17,6,17.57882294356141,119.5788229435614,Restock
R0613,0.85,177.65,18,3,12.43010490866994,66.43010490866993,Restock
R0614,0.9,350.1,16,4,14.353048830151756,78.35304883015175,Restock
R0615,0.4,80.4,9,6,17.57882294356141,71.5788229435614,Do Not Restock
R0616,0.85,378.25,19,4,14.353048830151756,90.35304883015175,Restock
R0617,0.4,90.80000000000001,5,3,12.43010490866994,27.43010490866994,Do Not Restock
R0618,0.7,148.39999999999998,18,5,16.04719643429658,106.04719643429658,Do Not Restock
R0619,0.95,407.54999999999995,18,2,10.14913815850195,46.14913815850195,Restock
R0620,0.7,57.4,18,5,16.04719643429658,106.04719643429658,Do Not Restock
R0621,0.95,442.7,8,6,17.57882294356141,65.5788229435614,Restock
R0622,0.9,444.6,9,2,10.14913815850195,28.14913815850195,Restock
R0623,0.85,193.79999999999998,16,6,17.57882294356141,113.5788229435614,Restock
R0624,0.9,428.40000000000003,14,3,12.43010490866994,54.43010490866994,Restock
R0625,0.95,142.5,14,2,10.14913815850195,38.14913815850195,Restock
R0626,0.95,301.15,9,6,17.57882294356141,71.5788229435614,Restock
R0627,0.95,353.4,11,3,12.43010490866994,45.43010490866994,Restock
R0628,0.4,45.6,8,5,16.04719643429658,56.04719643429658,Do Not Restock
R0629,0.85,396.09999999999997,5,3,12.43010490866994,27.43010490866994,Restock
R0630,0.9,195.3,18,4,14.353048830151756,86.35304883015175,Restock
R0631,0.9,341.1,18,3,12.43010490866994,66.43010490866993,Restock
R0632,0.7,64.39999999999999,9,3,12.43010490866994,39.43010490866994,Do Not Restock
R0633,0.95,88.35,11,4,14.353048830151756,58.35304883015176,Restock
R0634,0.95,317.3,14,6,17.57882294356141,101.5788229435614,Restock
R0635,0.95,423.7,14,6,17.57882294356141,101.5788229435614,Restock
R0636,0.9,54.9,10,3,12.43010490866994,42.43010490866994,Restock
R0637,0.7,100.8,9,4,14.353048830151756,50.35304883015176,Do Not Restock
R0638,0.4,140.4,8,4,14.353048830151756,46.35304883015176,Do Not Restock
R0639,0.85,369.75,6,5,16.04719643429658,46.04719643429658,Restock
R0640,0.4,120.80000000000001,8,6,17.57882294356141,65.5788229435614,Do Not Restock
R0641,0.9,261.90000000000003,19,2,10.14913815850195,48.14913815850195,Restock
R0642,0.95,79.8,14,6,17.57882294356141,101.5788229435614,Restock
R0643,0.85,224.4,14,6,17.57882294356141,101.5788229435614,Restock
R0644,0.9,347.40000000000003,7,5,16.04719643429658,51.04719643429658,Restock
R0645,0.9,125.10000000000001,14,2,10.14913815850195,38.14913815850195,Restock
R0646,0.9,281.7,5,5,16.04719643429658,41.04719643429658,Restock
R0647,0.85,120.7,12,2,10.14913815850195,34.14913815850195,Restock
R0648,0.85,390.15,9,3,12.43010490866994,39.43010490866994,Restock
R0649,0.7,97.3,17,2,10.14913815850195,44.14913815850195,Do Not Restock
R0650,0.7,326.9,8,5,16.04719643429658,56.04719643429658,Do Not Restock
R0651,0.4,65.60000000000001,12,6,17.57882294356141,89.5788229435614,Do Not Restock
R0652,0.85,130.9,11,2,10.14913815850195,32.14913815850195,Restock
R0653,0.85,374.0,6,2,10.14913815850195,22.14913815850195,Restock
R0654,0.85,208.25,5,4,14.353048830151756,34.35304883015176,Restock
R0655,0.7,254.1,16,6,17.57882294356141,113.5788229435614,Do Not Restock
R0656,0.9,146.70000000000002,15,3,12.43010490866994,57.43010490866994,Restock
R0657,0.95,117.8,8,5,16.04719643429658,56.04719643429658,Restock
R0658,0.7,323.4,12,3,12.43010490866994,48.43010490866994,Do Not Restock
R0659,0.85,361.25,16,6,17.57882294356141,113.5788229435614,Restock
R0660,0.7,328.29999999999995,6,2,10.14913815850195,22.14913815850195,Do Not Restock
R0661,0.4,106.4,7,2,10.14913815850195,24.14913815850195,Do Not Restock
R0662,0.85,277.09999999999997,16,6,17.57882294356141,113.5788229435614,Restock
R0663,0.4,119.2,5,2,10.14913815850195,20.14913815850195,Do Not Restock
R0664,0.85,181.04999999999998,5,2,10.14913815850195,20.14913815850195,Restock
R0665,0.7,310.09999999999997,17,2,10.14913815850195,44.14913815850195,Do Not Restock
R0666,0.9,365.40000000000003,7,5,16.04719643429658,51.04719643429658,Restock
R0667,0.95,434.15,15,5,16.04719643429658,91.04719643429658,Restock
R0668,0.4,96.4,9,4,14.353048830151756,50.35304883015176,Do Not Restock
R0669,0.7,193.2,16,3,12.43010490866994,60.43010490866994,Do Not Restock
R0670,0.9,203.4,7,6,17.57882294356141,59.578822943561406,Restock
R0671,0.7,103.6,5,6,17.57882294356141,47.578822943561406,Do Not Restock
R0672,0.4,34.0,5,6,17.57882294356141,47.578822943561406,Do Not Restock
R0673,0.95,137.75,12,4,14.353048830151756,62.35304883015176,Restock
R0674,0.7,140.7,14,5,16.04719643429658,86.04719643429658,Do Not Restock
R0675,0.85,170.0,15,4,14.353048830151756,74.35304883015175,Restock
R0676,0.9,215.1,16,6,17.57882294356141,113.5788229435614,Restock
R0677,0.7,191.1,17,3,12.43010490866994,63.43010490866994,Do Not Restock
R0678,0.9,77.4,17,2,10.14913815850195,44.14913815850195,Restock
R0679,0.85,269.45,16,5,16.04719643429658,96.04719643429658,Restock
R0680,0.95,397.09999999999997,19,5,16.04719643429658,111.04719643429658,Restock
R0681,0.95,220.39999999999998,18,4,14.353048830151756,86.35304883015175,Restock
R0682,0.85,52.699999999999996,6,5,16.04719643429658,46.04719643429658,Restock
R0683,0.9,295.2,17,6,17.57882294356141,119.5788229435614,Restock
R0684,0.7,186.2,7,6,17.57882294356141,59.578822943561406,Do Not Restock
R0685,0.85,343.4,6,4,14.353048830151756,38.35304883015176,Restock
R0686,0.4,164.0,7,6,17.57882294356141,59.578822943561406,Do Not Restock
R0687,0.9,301.5,11,3,12.43010490866994,45.43010490866994,Restock
R0688,0.95,305.9,5,4,14.353048830151756,34.35304883015176,Restock
R0689,0.85,355.3,14,3,12.43010490866994,54.43010490866994,Restock
R0690,0.95,105.44999999999999,12,2,10.14913815850195,34.14913815850195,Restock
R0691,0.9,119.7,17,3,12.43010490866994,63.43010490866994,Restock
R0692,0.95,396.15,14,2,10.14913815850195,38.14913815850195,Restock
R0693,0.85,226.1,14,2,10.14913815850195,38.14913815850195,Restock
R0694,0.9,351.90000000000003,14,3,12.43010490866994,54.43010490866994,Restock
R0695,0.4,178.4,18,4,14.353048830151756,86.35304883015175,Do Not Restock
R0696,0.85,200.6,6,6,17.57882294356141,53.578822943561406,Restock
R0697,0.7,47.599999999999994,7,6,17.57882294356141,59.578822943561406,Do Not Restock
R0698,0.85,192.1,13,2,10.14913815850195,36.14913815850195,Restock
R0699,0.9,134.1,11,2,10.14913815850195,32.14913815850195,Restock
R0700,0.85,378.25,8,4,14.353048830151756,46.35304883015176,Restock
R0701,0.4,197.60000000000002,14,5,16.04719643429658,86.04719643429658,Do Not Restock
R0702,0.4,112.80000000000001,9,3,12.43010490866994,39.43010490866994,Do Not Restock
R0703,0.7,316.4,6,2,10.14913815850195,22.14913815850195,Do Not Restock
R0704,0.95,118.75,17,6,17.57882294356141,119.5788229435614,Restock
R0705,0.9,282.6,15,4,14.353048830151756,74.35304883015175,Restock
R0706,0.9,299.7,17,3,12.43010490866994,63.43010490866994,Restock
R0707,0.95,242.25,12,4,14.353048830151756,62.35304883015176,Restock
R0708,0.4,108.80000000000001,8,3,12.43010490866994,36.43010490866994,Do Not Restock
R0709,0.4,173.20000000000002,13,3,12.43010490866994,51.43010490866994,Do Not Restock
R0710,0.85,85.85,9,2,10.14913815850195,28.14913815850195,Restock
R0711,0.7,271.59999999999997,17,4,14.353048830151756,82.35304883015175,Do Not Restock
R0712,0.7,291.2,13,4,14.353048830151756,66.35304883015175,Do Not Restock
R0713,0.7,135.1,8,6,17.57882294356141,65.5788229435614,Do Not Restock
R0714,0.85,358.7,14,6,17.57882294356141,101.5788229435614,Restock
R0715,0.7,82.6,9,2,10.14913815850195,28.14913815850195,Do Not Restock
R0716,0.95,140.6,13,2,10.14913815850195,36.14913815850195,Restock
R0717,0.85,378.25,12,5,16.04719643429658,76.04719643429658,Restock
R0718,0.95,70.3,7,6,17.57882294356141,59.578822943561406,Restock
R0719,0.85,412.25,5,3,12.43010490866994,27.43010490866994,Restock
R0720,0.7,299.59999999999997,7,4,14.353048830151756,42.35304883015176,Do Not Restock
R0721,0.95,96.89999999999999,8,2,10.14913815850195,26.14913815850195,Restock
R0722,0.95,190.0,6,4,14.353048830151756,38.35304883015176,Restock
R0723,0.95,183.35,5,4,14.353048830151756,34.35304883015176,Restock
R0724,0.85,90.1,11,5,16.04719643429658,71.04719643429658,Restock
R0725,0.9,79.2,12,6,17.57882294356141,89.5788229435614,Restock
R0726,0.7,110.6,11,2,10.14913815850195,32.14913815850195,Do Not Restock
R0727,0.95,218.5,18,4,14.353048830151756,86.35304883015175,Restock
R0728,0.9,81.9,9,2,10.14913815850195,28.14913815850195,Restock
R0729,0.7,164.5,16,3,12.43010490866994,60.43010490866994,Do Not Restock
R0730,0.7,330.4,5,5,16.04719643429658,41.04719643429658,Do Not Restock
R0731,0.95,424.65,11,3,12.43010490866994,45.43010490866994,Restock
R0732,0.95,258.4,17,2,10.14913815850195,44.14913815850195,Restock
R0733,0.85,145.35,11,2,10.14913815850195,32.14913815850195,Restock
R0734,0.9,163.8,13,6,17.57882294356141,95.5788229435614,Restock
R0735,0.9,190.8,7,4,14.353048830151756,42.35304883015176,Restock
R0736,0.95,250.79999999999998,13,4,14.353048830151756,66.35304883015175,Restock
R0737,0.7,189.0,18,3,12.43010490866994,66.43010490866993,Do Not Restock
R0738,0.95,269.8,5,5,16.04719643429658,41.04719643429658,Restock
R0739,0.7,266.0,5,4,14.353048830151756,34.35304883015176,Do Not Restock
R0740,0.7,136.5,18,6,17.57882294356141,125.5788229435614,Do Not Restock
R0741,0.95,273.59999999999997,8,3,12.43010490866994,36.43010490866994,Restock
R0742,0.4,50.0,13,3,12.43010490866994,51.43010490866994,Do Not Restock
R0743,0.9,52.2,10,6,17.57882294356141,77.5788229435614,Restock
R0744,0.7,86.1,17,5,16.04719643429658,101.04719643429658,Do Not Restock
R0745,0.7,343.7,15,6,17.57882294356141,107.5788229435614,Do Not Restock
R0746,0.4,180.0,7,5,16.04719643429658,51.04719643429658,Do Not Restock
R0747,0.85,256.7,5,6,17.57882294356141,47.578822943561406,Restock
R0748,0.4,111.60000000000001,8,6,17.57882294356141,65.5788229435614,Do Not Restock
R0749,0.4,22.400000000000002,16,2,10.14913815850195,42.14913815850195,Do Not Restock
R0750,0.7,156.1,17,3,12.43010490866994,63.43010490866994,Do Not Restock
R0751,0.9,171.0,13,6,17.57882294356141,95.5788229435614,Restock
R0752,0.4,86.80000000000001,7,6,17.57882294356141,59.578822943561406,Do Not Restock
R0753,0.85,186.15,16,4,14.353048830151756,78.35304883015175,Restock
R0754,0.95,419.9,13,3,12.43010490866994,51.43010490866994,Restock
R0755,0.4,193.20000000000002,11,4,14.353048830151756,58.35304883015176,Do Not Restock
R0756,0.4,132.8,16,3,12.43010490866994,60.43010490866994,Do Not Restock
R0757,0.85,145.35,18,4,14.353048830151756,86.35304883015175,Restock
R0758,0.9,218.70000000000002,19,6,17.57882294356141,131.57882294356142,Restock
R0759,0.4,21.6,8,6,17.57882294356141,65.5788229435614,Do Not Restock
R0760,0.4,31.200000000000003,7,2,10.14913815850195,24.14913815850195,Do Not Restock
R0761,0.9,192.6,14,4,14.353048830151756,70.35304883015175,Restock
R0762,0.85,400.34999999999997,19,5,16.04719643429658,111.04719643429658,Restock
R0763,0.4,155.20000000000002,9,2,10.14913815850195,28.14913815850195,Do Not Restock
R0764,0.9,166.5,9,4,14.353048830151756,50.35304883015176,Restock
R0765,0.4,165.60000000000002,7,4,14.353048830151756,42.35304883015176,Do Not Restock
R0766,0.95,351.5,16,2,10.14913815850195,42.14913815850195,Restock
R0767,0.7,273.7,13,6,17.57882294356141,95.5788229435614,Do Not Restock
R0768,0.95,184.29999999999998,8,4,14.353048830151756,46.35304883015176,Restock
R0769,0.4,150.4,15,6,17.57882294356141,107.5788229435614,Do Not Restock
R0770,0.85,226.1,9,2,10.14913815850195,28.14913815850195,Restock
R0771,0.7,244.99999999999997,8,6,17.57882294356141,65.5788229435614,Do Not Restock
R0772,0.95,171.95,9,3,12.43010490866994,39.43010490866994,Restock
R0773,0.9,306.90000000000003,11,5,16.04719643429658,71.04719643429658,Restock
R0774,0.85,101.14999999999999,13,4,14.353048830151756,66.35304883015175,Restock
R0775,0.95,285.95,11,5,16.04719643429658,71.04719643429658,Restock
R0776,0.9,417.6,17,6,17.57882294356141,119.5788229435614,Restock
R0777,0.4,129.6,9,4,14.353048830151756,50.35304883015176,Do Not Restock
R0778,0.9,444.6,14,6,17.57882294356141,101.5788229435614,Restock
R0779,0.95,392.34999999999997,14,3,12.43010490866994,54.43010490866994,Restock
R0780,0.95,219.45,11,2,10.14913815850195,32.14913815850195,Restock
R0781,0.4,86.4,18,4,14.353048830151756,86.35304883015175,Do Not Restock
R0782,0.9,126.0,19,3,12.43010490866994,69.43010490866993,Restock
R0783,0.9,225.9,14,3,12.43010490866994,54.43010490866994,Restock
R0784,0.4,158.0,9,4,14.353048830151756,50.35304883015176,Do Not Restock
R0785,0.9,61.2,7,6,17.57882294356141,59.578822943561406,Restock
R0786,0.4,35.2,11,3,12.43010490866994,45.43010490866994,Do Not Restock
R0787,0.85,148.75,17,5,16.04719643429658,101.04719643429658,Restock
R0788,0.95,210.89999999999998,15,3,12.43010490866994,57.43010490866994,Restock
R0789,0.85,161.5,15,6,17.57882294356141,107.5788229435614,Restock
R0790,0.7,203.7,6,6,17.57882294356141,53.578822943561406,Do Not Restock
R0791,0.7,188.29999999999998,19,5,16.04719643429658,111.04719643429658,Do Not Restock
R0792,0.7,122.49999999999999,16,3,12.43010490866994,60.43010490866994,Do Not Restock
R0793,0.4,42.800000000000004,13,6,17.57882294356141,95.5788229435614,Do Not Restock
R0794,0.9,177.3,14,4,14.353048830151756,70.35304883015175,Restock
R0795,0.85,311.09999999999997,14,2,10.14913815850195,38.14913815850195,Restock
R0796,0.85,367.2,16,2,10.14913815850195,42.14913815850195,Restock
R0797,0.85,348.5,5,2,10.14913815850195,20.14913815850195,Restock
R0798,0.85,401.2,17,3,12.43010490866994,63.43010490866994,Restock
R0799,0.7,35.0,10,5,16.04719643429658,66.04719643429658,Do Not Restock
R0800,0.85,370.59999999999997,11,6,17.57882294356141,83.5788229435614,Restock
R0801,0.9,357.3,18,4,14.353048830151756,86.35304883015175,Restock
R0802,0.7,167.29999999999998,17,4,14.353048830151756,82.35304883015175,Do Not Restock
R0803,0.85,204.0,12,3,12.43010490866994,48.43010490866994,Restock
R0804,0.4,167.20000000000002,14,2,10.14913815850195,38.14913815850195,Do Not Restock
R0805,0.95,435.09999999999997,13,3,12.43010490866994,51.43010490866994,Restock
R0806,0.95,342.95,6,5,16.04719643429658,46.04719643429658,Restock
R0807,0.95,442.7,15,5,16.04719643429658,91.04719643429658,Restock
R0808,0.7,329.7,14,6,17.57882294356141,101.5788229435614,Do Not Restock
R0809,0.85,141.1,6,6,17.57882294356141,53.578822943561406,Restock
R0810,0.7,128.1,9,5,16.04719643429658,61.04719643429658,Do Not Restock
R0811,0.9,96.3,17,5,16.04719643429658,101.04719643429658,Restock
R0812,0.4,37.2,9,5,16.04719643429658,61.04719643429658,Do Not Restock
R0813,0.4,88.80000000000001,10,3,12.43010490866994,42.43010490866994,Do Not Restock
R0814,0.95,198.54999999999998,7,5,16.04719643429658,51.04719643429658,Restock
R0815,0.95,210.89999999999998,12,4,14.353048830151756,62.35304883015176,Restock
R0816,0.95,347.7,17,2,10.14913815850195,44.14913815850195,Restock
R0817,0.85,299.2,5,5,16.04719643429658,41.04719643429658,Restock
R0818,0.9,178.20000000000002,10,2,10.14913815850195,30.14913815850195,Restock
R0819,0.9,116.10000000000001,8,3,12.43010490866994,36.43010490866994,Restock
R0820,0.9,380.7,5,2,10.14913815850195,20.14913815850195,Restock
R0821,0.9,235.8,19,3,12.43010490866994,69.43010490866993,Restock
R0822,0.95,239.39999999999998,11,4,14.353048830151756,58.35304883015176,Restock
R0823,0.4,120.4,13,3,12.43010490866994,51.43010490866994,Do Not Restock
R0824,0.95,264.09999999999997,17,3,12.43010490866994,63.43010490866994,Restock
R0825,0.9,191.70000000000002,8,6,17.57882294356141,65.5788229435614,Restock
R0826,0.95,262.2,8,5,16.04719643429658,56.04719643429658,Restock
R0827,0.9,176.4,10,5,16.04719643429658,66.04719643429658,Restock
R0828,0.7,48.3,16,4,14.353048830151756,78.35304883015175,Do Not Restock
R0829,0.4,196.0,19,4,14.353048830151756,90.35304883015175,Do Not Restock
R0830,0.7,315.7,7,5,16.04719643429658,51.04719643429658,Do Not Restock
R0831,0.85,81.6,17,6,17.57882294356141,119.5788229435614,Restock
R0832,0.95,267.9,16,5,16.04719643429658,96.04719643429658,Restock
R0833,0.85,300.9,10,6,17.57882294356141,77.5788229435614,Restock
R0834,0.95,59.849999999999994,11,4,14.353048830151756,58.35304883015176,Restock
R0835,0.7,134.39999999999998,15,2,10.14913815850195,40.14913815850195,Do Not Restock
R0836,0.9,417.6,14,4,14.353048830151756,70.35304883015175,Restock
R0837,0.9,45.0,14,4,14.353048830151756,70.35304883015175,Restock
R0838,0.95,400.9,7,3,12.43010490866994,33.43010490866994,Restock
R0839,0.9,92.7,11,3,12.43010490866994,45.43010490866994,Restock
R0840,0.7,296.09999999999997,18,3,12.43010490866994,66.43010490866993,Do Not Restock
R0841,0.9,277.2,7,3,12.43010490866994,33.43010490866994,Restock
R0842,0.7,135.1,17,6,17.57882294356141,119.5788229435614,Do Not Restock
R0843,0.85,416.5,17,5,16.04719643429658,101.04719643429658,Restock
R0844,0.7,42.699999999999996,6,2,10.14913815850195,22.14913815850195,Do Not Restock
R0845,0.4,151.6,16,4,14.353048830151756,78.35304883015175,Do Not Restock
R0846,0.4,109.2,18,6,17.57882294356141,125.5788229435614,Do Not Restock
R0847,0.4,128.4,14,2,10.14913815850195,38.14913815850195,Do Not Restock
R0848,0.95,386.65,8,6,17.57882294356141,65.5788229435614,Restock
R0849,0.95,434.15,16,6,17.57882294356141,113.5788229435614,Restock
R0850,0.95,194.75,12,4,14.353048830151756,62.35304883015176,Restock
R0851,0.7,295.4,17,5,16.04719643429658,101.04719643429658,Do Not Restock
R0852,0.95,54.15,19,3,12.43010490866994,69.43010490866993,Restock
R0853,0.85,145.35,13,5,16.04719643429658,81.04719643429658,Restock
R0854,0.4,158.8,11,4,14.353048830151756,58.35304883015176,Do Not Restock
R0855,0.7,149.1,5,4,14.353048830151756,34.35304883015176,Do Not Restock
R0856,0.4,55.6,7,4,14.353048830151756,42.35304883015176,Do Not Restock
R0857,0.95,175.75,17,2,10.14913815850195,44.14913815850195,Restock
R0858,0.7,164.5,16,5,16.04719643429658,96.04719643429658,Do Not Restock
R0859,0.9,328.5,18,5,16.04719643429658,106.04719643429658,Restock
R0860,0.85,192.95,13,6,17.57882294356141,95.5788229435614,Restock
R0861,0.95,73.14999999999999,19,6,17.57882294356141,131.57882294356142,Restock
R0862,0.95,255.54999999999998,16,6,17.57882294356141,113.5788229435614,Restock
R0863,0.85,345.09999999999997,5,4,14.353048830151756,34.35304883015176,Restock
R0864,0.85,76.5,13,5,16.04719643429658,81.04719643429658,Restock
R0865,0.9,249.3,12,4,14.353048830151756,62.35304883015176,Restock
R0866,0.95,228.95,5,2,10.14913815850195,20.14913815850195,Restock
R0867,0.95,437.0,10,6,17.57882294356141,77.5788229435614,Restock
R0868,0.4,198.4,9,4,14.353048830151756,50.35304883015176,Do Not Restock
R0869,0.7,135.79999999999998,10,4,14.353048830151756,54.35304883015176,Do Not Restock
R0870,0.7,175.0,14,2,10.14913815850195,38.14913815850195,Do Not Restock
R0871,0.4,186.4,16,3,12.43010490866994,60.43010490866994,Do Not Restock
R0872,0.7,182.7,17,5,16.04719643429658,101.04719643429658,Do Not Restock
R0873,0.85,228.65,17,3,12.43010490866994,63.43010490866994,Restock
R0874,0.7,202.29999999999998,17,6,17.57882294356141,119.5788229435614,Do Not Restock
R0875,0.7,323.4,19,4,14.353048830151756,90.35304883015175,Do Not Restock
R0876,0.4,178.4,9,2,10.14913815850195,28.14913815850195,Do Not Restock
R0877,0.9,85.5,10,2,10.14913815850195,30.14913815850195,Restock
R0878,0.7,58.8,9,5,16.04719643429658,61.04719643429658,Do Not Restock
R0879,0.7,211.39999999999998,15,3,12.43010490866994,57.43010490866994,Do Not Restock
R0880,0.9,395.1,16,5,16.04719643429658,96.04719643429658,Restock
R0881,0.4,52.400000000000006,9,4,14.353048830151756,50.35304883015176,Do Not Restock
R0882,0.9,378.0,8,5,16.04719643429658,56.04719643429658,Restock
R0883,0.4,122.0,7,2,10.14913815850195,24.14913815850195,Do Not Restock
R0884,0.85,209.1,7,2,10.14913815850195,24.14913815850195,Restock
R0885,0.4,140.8,8,6,17.57882294356141,65.5788229435614,Do Not Restock
R0886,0.85,389.3,13,6,17.57882294356141,95.5788229435614,Restock
R0887,0.85,424.15,6,4,14.353048830151756,38.35304883015176,Restock
R0888,0.4,23.6,19,3,12.43010490866994,69.43010490866993,Do Not Restock
R0889,0.95,342.95,13,5,16.04719643429658,81.04719643429658,Restock
R0890,0.4,134.0,5,4,14.353048830151756,34.35304883015176,Do Not Restock
R0891,0.7,203.7,18,6,17.57882294356141,125.5788229435614,Do Not Restock
R0892,0.7,210.0,19,5,16.04719643429658,111.04719643429658,Do Not Restock
R0893,0.95,393.29999999999995,19,6,17.57882294356141,131.57882294356142,Restock
R0894,0.85,45.9,5,5,16.04719643429658,41.04719643429658,Restock
R0895,0.95,159.6,9,3,12.43010490866994,39.43010490866994,Restock
R0896,0.7,236.6,10,4,14.353048830151756,54.35304883015176,Do Not Restock
R0897,0.95,401.84999999999997,10,5,16.04719643429658,66.04719643429658,Restock
R0898,0.4,45.6,7,2,10.14913815850195,24.14913815850195,Do Not Restock
R0899,0.95,185.25,11,2,10.14913815850195,32.14913815850195,Restock
R0900,0.85,232.04999999999998,13,5,16.04719643429658,81.04719643429658,Restock
R0901,0.4,115.2,15,5,16.04719643429658,91.04719643429658,Do Not Restock
R0902,0.9,203.4,16,5,16.04719643429658,96.04719643429658,Restock
R0903,0.7,221.2,14,2,10.14913815850195,38.14913815850195,Do Not Restock
R0904,0.7,273.0,12,2,10.14913815850195,34.14913815850195,Do Not Restock
R0905,0.95,314.45,10,5,16.04719643429658,66.04719643429658,Restock
R0906,0.4,44.800000000000004,16,6,17.57882294356141,113.5788229435614,Do Not Restock
R0907,0.9,239.4,12,6,17.57882294356141,89.5788229435614,Restock
R0908,0.4,156.4,16,3,12.43010490866994,60.43010490866994,Do Not Restock
R0909,0.7,254.79999999999998,9,4,14.353048830151756,50.35304883015176,Do Not Restock
R0910,0.4,132.8,12,6,17.57882294356141,89.5788229435614,Do Not Restock
R0911,0.9,203.4,14,2,10.14913815850195,38.14913815850195,Restock
R0912,0.95,442.7,16,6,17.57882294356141,113.5788229435614,Restock
R0913,0.85,124.95,8,3,12.43010490866994,36.43010490866994,Restock
R0914,0.4,61.6,14,3,12.43010490866994,54.43010490866994,Do Not Restock
R0915,0.85,125.8,12,4,14.353048830151756,62.35304883015176,Restock
R0916,0.7,303.79999999999995,14,6,17.57882294356141,101.5788229435614,Do Not Restock
R0917,0.95,431.29999999999995,16,2,10.14913815850195,42.14913815850195,Restock
R0918,0.95,342.0,6,2,10.14913815850195,22.14913815850195,Restock
R0919,0.4,22.0,16,5,16.04719643429658,96.04719643429658,Do Not Restock
R0920,0.95,233.7,16,2,10.14913815850195,42.14913815850195,Restock
R0921,0.4,160.0,9,4,14.353048830151756,50.35304883015176,Do Not Restock
R0922,0.4,72.8,13,4,14.353048830151756,66.35304883015175,Do Not Restock
R0923,0.85,345.95,8,2,10.14913815850195,26.14913815850195,Restock
R0924,0.95,292.59999999999997,15,2,10.14913815850195,40.14913815850195,Restock
R0925,0.4,194.4,10,5,16.04719643429658,66.04719643429658,Do Not Restock
R0926,0.85,61.199999999999996,19,2,10.14913815850195,48.14913815850195,Restock
R0927,0.9,91.8,5,5,16.04719643429658,41.04719643429658,Restock
R0928,0.85,181.9,13,5,16.04719643429658,81.04719643429658,Restock
R0929,0.85,213.35,5,2,10.14913815850195,20.14913815850195,Restock
R0930,0.4,52.800000000000004,9,3,12.43010490866994,39.43010490866994,Do Not Restock
R0931,0.7,135.79999999999998,8,3,12.43010490866994,36.43010490866994,Do Not Restock
R0932,0.7,93.8,17,5,16.04719643429658,101.04719643429658,Do Not Restock
R0933,0.7,88.89999999999999,16,2,10.14913815850195,42.14913815850195,Do Not Restock
R0934,0.85,352.75,17,3,12.43010490866994,63.43010490866994,Restock
R0935,0.4,20.0,17,2,10.14913815850195,44.14913815850195,Do Not Restock
R0936,0.95,95.0,18,2,10.14913815850195,46.14913815850195,Restock
R0937,0.85,188.7,7,2,10.14913815850195,24.14913815850195,Restock
R0938,0.85,215.9,17,6,17.57882294356141,119.5788229435614,Restock
R0939,0.4,123.60000000000001,10,2,10.14913815850195,30.14913815850195,Do Not Restock
R0940,0.9,445.5,6,6,17.57882294356141,53.578822943561406,Restock
R0941,0.85,423.3,7,5,16.04719643429658,51.04719643429658,Restock
R0942,0.9,376.2,9,3,12.43010490866994,39.43010490866994,Restock
R0943,0.9,303.3,19,3,12.43010490866994,69.43010490866993,Restock
R0944,0.7,58.099999999999994,13,3,12.43010490866994,51.43010490866994,Do Not Restock
R0945,0.4,158.8,6,3,12.43010490866994,30.43010490866994,Do Not Restock
R0946,0.9,129.6,14,3,12.43010490866994,54.43010490866994,Restock
R0947,0.4,48.400000000000006,12,3,12.43010490866994,48.43010490866994,Do Not Restock
R0948,0.7,61.599999999999994,18,3,12.43010490866994,66.43010490866993,Do Not Restock
R0949,0.4,81.2,6,5,16.04719643429658,46.04719643429658,Do Not Restock
R0950,0.85,254.15,15,2,10.14913815850195,40.14913815850195,Restock
R0951,0.9,189.9,17,4,14.353048830151756,82.35304883015175,Restock
R0952,0.4,194.8,9,6,17.57882294356141,71.5788229435614,Do Not Restock
R0953,0.95,158.65,11,4,14.353048830151756,58.35304883015176,Restock
R0954,0.4,123.2,12,4,14.353048830151756,62.35304883015176,Do Not Restock
R0955,0.9,385.2,5,2,10.14913815850195,20.14913815850195,Restock
R0956,0.7,248.49999999999997,10,2,10.14913815850195,30.14913815850195,Do Not Restock
R0957,0.7,221.89999999999998,5,2,10.14913815850195,20.14913815850195,Do Not Restock
R0958,0.9,448.2,6,3,12.43010490866994,30.43010490866994,Restock
R0959,0.85,87.55,19,5,16.04719643429658,111.04719643429658,Restock
R0960,0.85,242.25,5,3,12.43010490866994,27.43010490866994,Restock
R0961,0.7,306.59999999999997,15,5,16.04719643429658,91.04719643429658,Do Not Restock
R0962,0.7,189.7,9,5,16.04719643429658,61.04719643429658,Do Not Restock
R0963,0.9,270.0,14,4,14.353048830151756,70.35304883015175,Restock
R0964,0.85,307.7,19,4,14.353048830151756,90.35304883015175,Restock
R0965,0.7,315.0,13,5,16.04719643429658,81.04719643429658,Do Not Restock
R0966,0.85,136.85,10,5,16.04719643429658,66.04719643429658,Restock
R0967,0.7,212.79999999999998,15,3,12.43010490866994,57.43010490866994,Do Not Restock
R0968,0.4,140.8,15,3,12.43010490866994,57.43010490866994,Do Not Restock
R0969,0.95,433.2,5,4,14.353048830151756,34.35304883015176,Restock
R0970,0.4,102.4,17,2,10.14913815850195,44.14913815850195,Do Not Restock
R0971,0.7,194.6,5,5,16.04719643429658,41.04719643429658,Do Not Restock
R0972,0.95,370.5,6,3,12.43010490866994,30.43010490866994,Restock
R0973,0.95,424.65,13,4,14.353048830151756,66.35304883015175,Restock
R0974,0.7,80.5,7,3,12.43010490866994,33.43010490866994,Do Not Restock
R0975,0.7,86.8,19,5,16.04719643429658,111.04719643429658,Do Not Restock
R0976,0.85,411.4,5,5,16.04719643429658,41.04719643429658,Restock
R0977,0.7,106.39999999999999,9,6,17.57882294356141,71.5788229435614,Do Not Restock
R0978,0.9,423.90000000000003,11,2,10.14913815850195,32.14913815850195,Restock
R0979,0.7,168.7,10,6,17.57882294356141,77.5788229435614,Do Not Restock
R0980,0.9,270.90000000000003,16,4,14.353048830151756,78.35304883015175,Restock
R0981,0.7,192.5,5,3,12.43010490866994,27.43010490866994,Do Not Restock
R0982,0.85,291.55,9,4,14.353048830151756,50.35304883015176,Restock
R0983,0.9,319.5,19,5,16.04719643429658,111.04719643429658,Restock
R0984,0.4,58.800000000000004,9,6,17.57882294356141,71.5788229435614,Do Not Restock
R0985,0.9,348.3,10,6,17.57882294356141,77.5788229435614,Restock
R0986,0.85,284.75,7,6,17.57882294356141,59.578822943561406,Restock
R0987,0.9,345.6,9,4,14.353048830151756,50.35304883015176,Restock
R0988,0.7,277.2,11,5,16.04719643429658,71.04719643429658,Do Not Restock
R0989,0.7,338.79999999999995,9,3,12.43010490866994,39.43010490866994,Do Not Restock
R0990,0.85,421.59999999999997,9,3,12.43010490866994,39.43010490866994,Restock
R0991,0.95,339.15,9,4,14.353048830151756,50.35304883015176,Restock
R0992,0.7,208.6,14,6,17.57882294356141,101.5788229435614,Do Not Restock
R0993,0.4,86.0,14,2,10.14913815850195,38.14913815850195,Do Not Restock
R0994,0.85,326.4,7,4,14.353048830151756,42.35304883015176,Restock
R0995,0.9,71.10000000000001,5,4,14.353048830151756,34.35304883015176,Restock
R0996,0.9,266.40000000000003,9,5,16.04719643429658,61.04719643429658,Restock
R0997,0.4,62.0,18,3,12.43010490866994,66.43010490866993,Do Not Restock
R0998,0.7,70.0,13,4,14.353048830151756,66.35304883015175,Do Not Restock
R0999,0.85,110.5,18,4,14.353048830151756,86.35304883015175,Restock
